-- --------------------------------------------------------
-- Host:                         127.0.0.1
-- Server version:               11.6.2-MariaDB - mariadb.org binary distribution
-- Server OS:                    Win64
-- HeidiSQL Version:             12.8.0.6908
-- --------------------------------------------------------

/*!40101 SET @OLD_CHARACTER_SET_CLIENT=@@CHARACTER_SET_CLIENT */;
/*!40101 SET NAMES utf8 */;
/*!50503 SET NAMES utf8mb4 */;
/*!40103 SET @OLD_TIME_ZONE=@@TIME_ZONE */;
/*!40103 SET TIME_ZONE='+00:00' */;
/*!40014 SET @OLD_FOREIGN_KEY_CHECKS=@@FOREIGN_KEY_CHECKS, FOREIGN_KEY_CHECKS=0 */;
/*!40101 SET @OLD_SQL_MODE=@@SQL_MODE, SQL_MODE='NO_AUTO_VALUE_ON_ZERO' */;
/*!40111 SET @OLD_SQL_NOTES=@@SQL_NOTES, SQL_NOTES=0 */;


-- Dumping database structure for hotellink
CREATE DATABASE IF NOT EXISTS `hotellink` /*!40100 DEFAULT CHARACTER SET utf8mb4 COLLATE utf8mb4_uca1400_ai_ci */;
USE `hotellink`;

-- Dumping structure for table hotellink.amenities
CREATE TABLE IF NOT EXISTS `amenities` (
  `amenity_id` varchar(255) NOT NULL,
  `name` varchar(255) DEFAULT NULL,
  `amenity_type_id` varchar(255) DEFAULT NULL,
  PRIMARY KEY (`amenity_id`),
  KEY `FKqqvmkaprw77ebicrtbdrfyird` (`amenity_type_id`),
  CONSTRAINT `FKqqvmkaprw77ebicrtbdrfyird` FOREIGN KEY (`amenity_type_id`) REFERENCES `amenity_types` (`amenity_type_id`)
) ENGINE=InnoDB DEFAULT CHARSET=utf8mb4 COLLATE=utf8mb4_uca1400_ai_ci;

-- Dumping data for table hotellink.amenities: ~20 rows (approximately)
INSERT INTO `amenities` (`amenity_id`, `name`, `amenity_type_id`) VALUES
	('AM1', 'TV màn hình phẳng', 'AT1'),
	('AM10', 'Két an toàn', 'AT5'),
	('AM11', 'Bàn ăn / Bếp nhỏ', 'AT5'),
	('AM12', 'Móc quần áo', 'AT5'),
	('AM13', 'Tủ lạnh', 'AT5'),
	('AM14', 'Tủ quần áo lớn', 'AT5'),
	('AM15', 'Bàn làm việc', 'AT5'),
	('AM16', 'Ban công', 'AT6'),
	('AM17', 'Mini bar cao cấp', 'AT7'),
	('AM18', 'Phòng cách âm', 'AT7'),
	('AM19', 'Minibar', 'AT7'),
	('AM2', 'Wifi miễn phí', 'AT2'),
	('AM20', 'Dịch vụ phòng 24/7', 'AT7'),
	('AM3', 'Điện thoại', 'AT2'),
	('AM4', 'Máy sấy tóc', 'AT3'),
	('AM5', 'Điều hòa', 'AT3'),
	('AM6', 'Bồn tắm jacuzzi', 'AT4'),
	('AM7', 'Phòng tắm vòi sen', 'AT4'),
	('AM8', 'Bồn tắm', 'AT4'),
	('AM9', 'Sofa thư giãn', 'AT5');

-- Dumping structure for table hotellink.amenity_details
CREATE TABLE IF NOT EXISTS `amenity_details` (
  `amenity_id` varchar(255) NOT NULL,
  `room_type_id` varchar(255) NOT NULL,
  PRIMARY KEY (`amenity_id`,`room_type_id`),
  KEY `FKtlmv1folofo1af35fwh4vdof4` (`room_type_id`),
  CONSTRAINT `FK90w3d9g9fiw83wsw4h92xii28` FOREIGN KEY (`amenity_id`) REFERENCES `amenities` (`amenity_id`),
  CONSTRAINT `FKtlmv1folofo1af35fwh4vdof4` FOREIGN KEY (`room_type_id`) REFERENCES `room_types` (`room_type_id`)
) ENGINE=InnoDB DEFAULT CHARSET=utf8mb4 COLLATE=utf8mb4_uca1400_ai_ci;

-- Dumping data for table hotellink.amenity_details: ~131 rows (approximately)
INSERT INTO `amenity_details` (`amenity_id`, `room_type_id`) VALUES
	('AM1', 'RT1'),
	('AM10', 'RT1'),
	('AM12', 'RT1'),
	('AM18', 'RT1'),
	('AM2', 'RT1'),
	('AM20', 'RT1'),
	('AM3', 'RT1'),
	('AM4', 'RT1'),
	('AM5', 'RT1'),
	('AM7', 'RT1'),
	('AM1', 'RT2'),
	('AM10', 'RT2'),
	('AM12', 'RT2'),
	('AM18', 'RT2'),
	('AM2', 'RT2'),
	('AM20', 'RT2'),
	('AM3', 'RT2'),
	('AM4', 'RT2'),
	('AM5', 'RT2'),
	('AM7', 'RT2'),
	('AM1', 'RT3'),
	('AM10', 'RT3'),
	('AM12', 'RT3'),
	('AM13', 'RT3'),
	('AM14', 'RT3'),
	('AM15', 'RT3'),
	('AM18', 'RT3'),
	('AM2', 'RT3'),
	('AM20', 'RT3'),
	('AM3', 'RT3'),
	('AM4', 'RT3'),
	('AM5', 'RT3'),
	('AM6', 'RT3'),
	('AM7', 'RT3'),
	('AM8', 'RT3'),
	('AM1', 'RT4'),
	('AM10', 'RT4'),
	('AM12', 'RT4'),
	('AM13', 'RT4'),
	('AM14', 'RT4'),
	('AM15', 'RT4'),
	('AM18', 'RT4'),
	('AM2', 'RT4'),
	('AM20', 'RT4'),
	('AM3', 'RT4'),
	('AM4', 'RT4'),
	('AM5', 'RT4'),
	('AM6', 'RT4'),
	('AM7', 'RT4'),
	('AM8', 'RT4'),
	('AM1', 'RT5'),
	('AM10', 'RT5'),
	('AM12', 'RT5'),
	('AM13', 'RT5'),
	('AM14', 'RT5'),
	('AM15', 'RT5'),
	('AM18', 'RT5'),
	('AM2', 'RT5'),
	('AM20', 'RT5'),
	('AM3', 'RT5'),
	('AM4', 'RT5'),
	('AM5', 'RT5'),
	('AM6', 'RT5'),
	('AM7', 'RT5'),
	('AM8', 'RT5'),
	('AM1', 'RT6'),
	('AM10', 'RT6'),
	('AM11', 'RT6'),
	('AM12', 'RT6'),
	('AM13', 'RT6'),
	('AM14', 'RT6'),
	('AM15', 'RT6'),
	('AM16', 'RT6'),
	('AM17', 'RT6'),
	('AM18', 'RT6'),
	('AM19', 'RT6'),
	('AM2', 'RT6'),
	('AM20', 'RT6'),
	('AM3', 'RT6'),
	('AM4', 'RT6'),
	('AM5', 'RT6'),
	('AM6', 'RT6'),
	('AM7', 'RT6'),
	('AM8', 'RT6'),
	('AM9', 'RT6'),
	('AM1', 'RT7'),
	('AM10', 'RT7'),
	('AM11', 'RT7'),
	('AM12', 'RT7'),
	('AM13', 'RT7'),
	('AM14', 'RT7'),
	('AM15', 'RT7'),
	('AM16', 'RT7'),
	('AM17', 'RT7'),
	('AM18', 'RT7'),
	('AM19', 'RT7'),
	('AM2', 'RT7'),
	('AM20', 'RT7'),
	('AM3', 'RT7'),
	('AM4', 'RT7'),
	('AM5', 'RT7'),
	('AM6', 'RT7'),
	('AM7', 'RT7'),
	('AM8', 'RT7'),
	('AM9', 'RT7'),
	('AM1', 'RT8'),
	('AM10', 'RT8'),
	('AM12', 'RT8'),
	('AM13', 'RT8'),
	('AM14', 'RT8'),
	('AM18', 'RT8'),
	('AM2', 'RT8'),
	('AM20', 'RT8'),
	('AM3', 'RT8'),
	('AM4', 'RT8'),
	('AM5', 'RT8'),
	('AM6', 'RT8'),
	('AM7', 'RT8'),
	('AM8', 'RT8'),
	('AM1', 'RT9'),
	('AM10', 'RT9'),
	('AM12', 'RT9'),
	('AM13', 'RT9'),
	('AM14', 'RT9'),
	('AM18', 'RT9'),
	('AM2', 'RT9'),
	('AM20', 'RT9'),
	('AM3', 'RT9'),
	('AM4', 'RT9'),
	('AM5', 'RT9'),
	('AM7', 'RT9');

-- Dumping structure for table hotellink.amenity_types
CREATE TABLE IF NOT EXISTS `amenity_types` (
  `amenity_type_id` varchar(255) NOT NULL,
  `name` varchar(255) DEFAULT NULL,
  PRIMARY KEY (`amenity_type_id`)
) ENGINE=InnoDB DEFAULT CHARSET=utf8mb4 COLLATE=utf8mb4_uca1400_ai_ci;

-- Dumping data for table hotellink.amenity_types: ~7 rows (approximately)
INSERT INTO `amenity_types` (`amenity_type_id`, `name`) VALUES
	('AT1', 'Hình ảnh/âm thanh'),
	('AT2', 'Mạng internet và điện thoại'),
	('AT3', 'Đồ điện tử'),
	('AT4', 'Nhà tắm'),
	('AT5', 'Đồ nội thất'),
	('AT6', 'Khu vực ngoài trời và khung cảnh cửa sổ'),
	('AT7', 'Khác');

-- Dumping structure for table hotellink.beds
CREATE TABLE IF NOT EXISTS `beds` (
  `bed_id` varchar(255) NOT NULL,
  `description` varchar(255) DEFAULT NULL,
  `name` varchar(255) DEFAULT NULL,
  PRIMARY KEY (`bed_id`)
) ENGINE=InnoDB DEFAULT CHARSET=utf8mb4 COLLATE=utf8mb4_uca1400_ai_ci;

-- Dumping data for table hotellink.beds: ~4 rows (approximately)
INSERT INTO `beds` (`bed_id`, `description`, `name`) VALUES
	('BE1', 'Giường đơn dành cho 1 khách', 'Single'),
	('BE2', 'Giường đôi dành cho 2 khách', 'Double'),
	('BE3', 'Giường đôi lớn, thoải mái cho 2 khách', 'Queen'),
	('BE4', 'Giường siêu lớn, cao cấp cho khách sang trọng', 'King');

-- Dumping structure for table hotellink.bed_details
CREATE TABLE IF NOT EXISTS `bed_details` (
  `bed_quantity` int(11) NOT NULL CHECK (`bed_quantity` >= 1),
  `bed_id` varchar(255) NOT NULL,
  `room_type_id` varchar(255) NOT NULL,
  PRIMARY KEY (`bed_id`,`room_type_id`),
  KEY `FK4328qeyplnm8ja63pyny4eww8` (`room_type_id`),
  CONSTRAINT `FK4328qeyplnm8ja63pyny4eww8` FOREIGN KEY (`room_type_id`) REFERENCES `room_types` (`room_type_id`),
  CONSTRAINT `FKycy8dmku8oyuf4j2p748mom1` FOREIGN KEY (`bed_id`) REFERENCES `beds` (`bed_id`)
) ENGINE=InnoDB DEFAULT CHARSET=utf8mb4 COLLATE=utf8mb4_uca1400_ai_ci;

-- Dumping data for table hotellink.bed_details: ~10 rows (approximately)
INSERT INTO `bed_details` (`bed_quantity`, `bed_id`, `room_type_id`) VALUES
	(2, 'BE1', 'RT2'),
	(2, 'BE1', 'RT4'),
	(1, 'BE1', 'RT5'),
	(1, 'BE2', 'RT1'),
	(1, 'BE2', 'RT3'),
	(1, 'BE2', 'RT5'),
	(2, 'BE2', 'RT8'),
	(3, 'BE2', 'RT9'),
	(1, 'BE3', 'RT6'),
	(1, 'BE4', 'RT7');

-- Dumping structure for table hotellink.bookings
CREATE TABLE IF NOT EXISTS `bookings` (
  `booking_id` varchar(255) NOT NULL,
  `booking_source` enum('FRONT_DESK','ONLINE','PHONE') DEFAULT NULL,
  `booking_status` enum('CANCELLED','CHECKED_IN','COMPLETED','CONFIRMED','NO_SHOW','PENDING') DEFAULT NULL,
  `check_in` datetime(6) DEFAULT NULL,
  `check_out` datetime(6) DEFAULT NULL,
  `contact_email` varchar(255) DEFAULT NULL,
  `contact_name` varchar(255) DEFAULT NULL,
  `contact_phone` varchar(255) NOT NULL,
  `created_at` datetime(6) DEFAULT NULL,
  `extra_services` double NOT NULL,
  `first_time_discount` double NOT NULL,
  `nights` int(11) NOT NULL CHECK (`nights` >= 1),
  `notes` varchar(500) DEFAULT NULL,
  `paid` bit(1) NOT NULL,
  `point_discount` double NOT NULL,
  `room_price` double NOT NULL,
  `total` double NOT NULL,
  `total_payment` double NOT NULL,
  `updated_at` datetime(6) DEFAULT NULL,
  `vat_fee` double NOT NULL,
  `created_by` varchar(255) DEFAULT NULL,
  `customer_id` varchar(255) DEFAULT NULL,
  `room_id` varchar(255) DEFAULT NULL,
  `updated_by` varchar(255) DEFAULT NULL,
  `actual_check_in` datetime(6) DEFAULT NULL,
  `actual_check_out` datetime(6) DEFAULT NULL,
  PRIMARY KEY (`booking_id`),
  KEY `FK4lsaxxymtu2xxvqp0mg2tqqya` (`created_by`),
  KEY `FKbvfibgflhsb0g2hnjauiv5khs` (`customer_id`),
  KEY `FKrgoycol97o21kpjodw1qox4nc` (`room_id`),
  KEY `FK4rwqlw5c58h0970nxu1bhxfop` (`updated_by`),
  CONSTRAINT `FK4lsaxxymtu2xxvqp0mg2tqqya` FOREIGN KEY (`created_by`) REFERENCES `users` (`user_id`),
  CONSTRAINT `FK4rwqlw5c58h0970nxu1bhxfop` FOREIGN KEY (`updated_by`) REFERENCES `users` (`user_id`),
  CONSTRAINT `FKbvfibgflhsb0g2hnjauiv5khs` FOREIGN KEY (`customer_id`) REFERENCES `customers` (`user_id`),
  CONSTRAINT `FKrgoycol97o21kpjodw1qox4nc` FOREIGN KEY (`room_id`) REFERENCES `rooms` (`room_id`)
) ENGINE=InnoDB DEFAULT CHARSET=utf8mb4 COLLATE=utf8mb4_uca1400_ai_ci;

-- Dumping data for table hotellink.bookings: ~208 rows (approximately)
INSERT INTO `bookings` (`booking_id`, `booking_source`, `booking_status`, `check_in`, `check_out`, `contact_email`, `contact_name`, `contact_phone`, `created_at`, `extra_services`, `first_time_discount`, `nights`, `notes`, `paid`, `point_discount`, `room_price`, `total`, `total_payment`, `updated_at`, `vat_fee`, `created_by`, `customer_id`, `room_id`, `updated_by`, `actual_check_in`, `actual_check_out`) VALUES
	('BK0EVUXAB51J', 'ONLINE', 'COMPLETED', '2025-10-28 21:14:44.000000', '2025-10-30 21:14:44.000000', 'phamhoangnam@gmail.com', 'Phạm Hoàng Nam', '0936789123', '2025-10-17 21:14:44.000000', 250000, 0, 2, '', b'1', 0, 850000, 1700000, 2086000, '2025-10-30 21:14:44.000000', 136000, 'USWQ6N7Z3MP', 'USWQ6N7Z3MP', 'RM20', 'USWQ6N7Z3MP', '2025-10-28 21:14:44.000000', '2025-10-30 21:14:44.000000'),
	('BK0IIHZ77KPY', 'PHONE', 'CANCELLED', '2025-10-29 05:50:26.000000', '2025-10-31 05:50:26.000000', 'dothithu@gmail.com', 'Đỗ Thị Thu', '0389123456', '2025-10-26 05:50:26.000000', 0, 0, 2, '', b'0', 0, 600000, 1200000, 1080000, '2025-10-29 05:50:26.000000', 80000, 'US4Q8M7RZKA', 'US4Q8M7RZKA', 'RM7', 'US4Q8M7RZKA', NULL, NULL),
	('BK0QGJT5IIFS', 'ONLINE', 'COMPLETED', '2025-11-06 05:36:25.000000', '2025-11-09 05:36:25.000000', 'lethihong@gmail.com', 'Lê Thị Hồng', '0394567123', '2025-11-02 05:36:25.000000', 0, 600000, 3, '', b'1', 600000, 850000, 2550000, 2106000, '2025-11-09 05:36:25.000000', 156000, 'US2A6KQW5H9', 'US2A6KQW5H9', 'RM17', 'US2A6KQW5H9', '2025-11-06 05:36:25.000000', '2025-11-09 05:36:25.000000'),
	('BK0RI1FM5U4K', 'ONLINE', 'COMPLETED', '2025-09-06 13:06:45.000000', '2025-09-09 13:06:45.000000', 'hoangthanhson@gmail.com', 'Hoàng Thanh Sơn', '0934567812', '2025-08-24 13:06:45.000000', 200000, 0, 3, '', b'1', 0, 2100000, 6300000, 7004000, '2025-09-09 13:06:45.000000', 504000, 'US5A9Z0FQ3M', 'US5A9Z0FQ3M', 'RM41', 'US5A9Z0FQ3M', '2025-09-06 13:06:45.000000', '2025-09-09 13:06:45.000000'),
	('BK0UM36UWHF0', 'PHONE', 'COMPLETED', '2025-09-10 04:12:13.000000', '2025-09-15 04:12:13.000000', 'nguyenthanhdat@gmail.com', 'Nguyễn Thành Đạt', '0904567893', '2025-09-07 04:12:13.000000', 0, 0, 5, '', b'1', 0, 1100000, 5500000, 5940000, '2025-09-15 04:12:13.000000', 440000, 'US5E9C2XHRA', 'US5E9C2XHRA', 'RM27', 'US5E9C2XHRA', '2025-09-10 04:12:13.000000', '2025-09-15 04:12:13.000000'),
	('BK0ZOIT7IB5M', 'PHONE', 'COMPLETED', '2025-08-04 20:14:01.000000', '2025-08-07 20:14:01.000000', 'phamducthinh@gmail.com', 'Phạm Đức Thịnh', '0916782345', '2025-07-24 20:14:01.000000', 0, 100000, 3, '', b'1', 100000, 600000, 1800000, 1836000, '2025-08-07 20:14:01.000000', 136000, 'US9D5E7K2RC', 'US9D5E7K2RC', 'RM3', 'US9D5E7K2RC', '2025-08-04 20:14:01.000000', '2025-08-07 20:14:01.000000'),
	('BK11A8VH6SNS', 'ONLINE', 'COMPLETED', '2025-08-31 11:26:33.000000', '2025-09-02 11:26:33.000000', 'danghoangphu@gmail.com', 'Đặng Hoàng Phú', '0938124567', '2025-08-30 11:26:33.000000', 0, 200000, 2, '', b'1', 200000, 850000, 1700000, 1620000, '2025-09-02 11:26:33.000000', 120000, 'US8MZQK7R4A', 'US8MZQK7R4A', 'RM14', 'US8MZQK7R4A', '2025-08-31 11:26:33.000000', '2025-09-02 11:26:33.000000'),
	('BK14ES06HBYM', 'ONLINE', 'COMPLETED', '2025-09-19 07:18:55.000000', '2025-09-21 07:18:55.000000', 'vovanphuc@gmail.com', 'Võ Văn Phúc', '0973456128', '2025-09-18 07:18:55.000000', 0, 200000, 2, '', b'1', 200000, 850000, 1700000, 1620000, '2025-09-21 07:18:55.000000', 120000, 'US3Z9A5E4RM', 'US3Z9A5E4RM', 'RM17', 'US3Z9A5E4RM', '2025-09-19 07:18:55.000000', '2025-09-21 07:18:55.000000'),
	('BK159PP7VMWI', 'PHONE', 'COMPLETED', '2025-10-25 18:02:07.000000', '2025-10-27 18:02:07.000000', 'tranminhquan@gmail.com', 'Trần Minh Quân', '0978912345', '2025-10-19 18:02:07.000000', 0, 0, 2, '', b'1', 0, 850000, 1700000, 1836000, '2025-10-27 18:02:07.000000', 136000, 'US9X5V0N8KA', 'US9X5V0N8KA', 'RM20', 'US9X5V0N8KA', '2025-10-25 18:02:07.000000', '2025-10-27 18:02:07.000000'),
	('BK175JG1473N', 'ONLINE', 'COMPLETED', '2025-07-01 08:09:56.000000', '2025-07-06 08:09:56.000000', 'lethihong@gmail.com', 'Lê Thị Hồng', '0394567123', '2025-06-20 08:09:56.000000', 200000, 0, 5, '', b'1', 0, 1800000, 9000000, 9920000, '2025-07-06 08:09:56.000000', 720000, 'US2A6KQW5H9', 'US2A6KQW5H9', 'RM38', 'US2A6KQW5H9', '2025-07-01 08:09:56.000000', '2025-07-06 08:09:56.000000'),
	('BK1BGCV72NJ2', 'PHONE', 'NO_SHOW', '2025-10-02 01:31:13.000000', '2025-10-06 01:31:13.000000', 'phamthanhtri0712@gmail.com', 'Phạm Thành Trí', '0398694435', '2025-09-19 01:31:13.000000', 0, 200000, 4, '', b'0', 0, 600000, 2400000, 2376000, '2025-10-02 01:31:13.000000', 176000, 'USFQY6HBNFMX', 'USFQY6HBNFMX', 'RM9', 'USFQY6HBNFMX', NULL, NULL),
	('BK1BTGU5GR63', 'FRONT_DESK', 'NO_SHOW', '2025-10-25 06:48:07.000000', '2025-10-30 06:48:07.000000', 'havannguyen@gmail.com', 'Hà Văn Nguyên', '03652648261', '2025-10-13 06:48:07.000000', 0, 0, 5, '', b'1', 0, 850000, 4250000, 4590000, '2025-10-25 06:48:07.000000', 340000, 'USGMJFNCHDU5', 'USGMJFNCHDU5', 'RM20', 'USGMJFNCHDU5', NULL, NULL),
	('BK1EI8ATA9H4', 'PHONE', 'NO_SHOW', '2025-08-25 10:38:45.000000', '2025-08-26 10:38:45.000000', 'phamthanhtri0712@gmail.com', 'Phạm Thành Trí', '0398694435', '2025-08-22 10:38:45.000000', 0, 0, 1, '', b'0', 0, 600000, 600000, 648000, '2025-08-25 10:38:45.000000', 48000, 'USFQY6HBNFMX', 'USFQY6HBNFMX', 'RM5', 'USFQY6HBNFMX', NULL, NULL),
	('BK1R726TLIMK', 'FRONT_DESK', 'NO_SHOW', '2025-11-21 07:55:57.000000', '2025-11-24 07:55:57.000000', 'danghoangphu@gmail.com', 'Đặng Hoàng Phú', '0938124567', '2025-11-11 07:55:57.000000', 0, 0, 3, '', b'1', 0, 1100000, 3300000, 3564000, '2025-11-21 07:55:57.000000', 264000, 'US8MZQK7R4A', 'US8MZQK7R4A', 'RM27', 'US8MZQK7R4A', NULL, NULL),
	('BK29PNBWZ2AN', 'PHONE', 'COMPLETED', '2025-08-04 20:10:34.000000', '2025-08-05 20:10:34.000000', 'phamquangvinh@gmail.com', 'Phạm Quang Vinh', '0948123675', '2025-07-30 20:10:34.000000', 245000, 200000, 1, '', b'1', 0, 600000, 600000, 677000, '2025-08-05 20:10:34.000000', 32000, 'US6Z8FQ1XRM', 'US6Z8FQ1XRM', 'RM1', 'US6Z8FQ1XRM', '2025-08-04 20:10:34.000000', '2025-08-05 20:10:34.000000'),
	('BK2Q76FJ3T8U', 'ONLINE', 'COMPLETED', '2025-10-12 20:59:42.000000', '2025-10-16 20:59:42.000000', 'phamthilan@gmail.com', 'Phạm Thị Lan', '0912345678', '2025-10-09 20:59:42.000000', 75000, 0, 4, '', b'1', 0, 850000, 3400000, 3747000, '2025-10-16 20:59:42.000000', 272000, 'USQW8T5E1RZ', 'USQW8T5E1RZ', 'RM22', 'USQW8T5E1RZ', '2025-10-12 20:59:42.000000', '2025-10-16 20:59:42.000000'),
	('BK2S8LVF9L9T', 'PHONE', 'COMPLETED', '2025-07-20 06:33:46.000000', '2025-07-25 06:33:46.000000', 'phamducthinh@gmail.com', 'Phạm Đức Thịnh', '0916782345', '2025-07-14 06:33:46.000000', 0, 0, 5, '', b'1', 0, 600000, 3000000, 3240000, '2025-07-25 06:33:46.000000', 240000, 'US9D5E7K2RC', 'US9D5E7K2RC', 'RM11', 'US9D5E7K2RC', '2025-07-20 06:33:46.000000', '2025-07-25 06:33:46.000000'),
	('BK2X97PMA33B', 'PHONE', 'COMPLETED', '2025-12-03 04:12:33.000000', '2025-12-07 04:12:33.000000', 'dangthithao@gmail.com', 'Đặng Thị Thảo', '0384567891', '2025-11-26 04:12:33.000000', 200000, 0, 4, '', b'1', 100000, 600000, 2400000, 2684000, '2025-12-07 04:12:33.000000', 184000, 'USL3H8RZ6NQ', 'USL3H8RZ6NQ', 'RM4', 'USL3H8RZ6NQ', '2025-12-03 04:12:33.000000', '2025-12-07 04:12:33.000000'),
	('BK3BLTCUJOBN', 'FRONT_DESK', 'NO_SHOW', '2025-06-21 04:16:20.000000', '2025-06-23 04:16:20.000000', 'levanminh@gmail.com', 'Lê Văn Minh', '0983456721', '2025-06-14 04:16:20.000000', 0, 0, 2, '', b'1', 0, 600000, 1200000, 1296000, '2025-06-21 04:16:20.000000', 96000, 'USM7A9JX2KD', 'USM7A9JX2KD', 'RM9', 'USM7A9JX2KD', NULL, NULL),
	('BK3BRQSODPVZ', 'FRONT_DESK', 'COMPLETED', '2025-12-29 14:37:40.000000', '2026-01-03 14:37:40.000000', 'vuhoanglong@gmail.com', 'Vũ Hoàng Long', '0945678123', '2025-12-21 14:37:40.000000', 0, 0, 5, '', b'1', 0, 850000, 4250000, 4590000, '2026-01-03 14:37:40.000000', 340000, 'USFQZ8R3V9A', 'USFQZ8R3V9A', 'RM19', 'USFQZ8R3V9A', '2025-12-29 14:37:40.000000', '2026-01-03 14:37:40.000000'),
	('BK3RXOASWKB1', 'FRONT_DESK', 'COMPLETED', '2025-08-30 02:58:03.000000', '2025-09-04 02:58:03.000000', 'buiductuan@gmail.com', 'Bùi Đức Tuấn', '0359123478', '2025-08-24 02:58:03.000000', 725000, 0, 5, '', b'1', 0, 600000, 3000000, 3965000, '2025-09-04 02:58:03.000000', 240000, 'US0M4A8Y7KD', 'US0M4A8Y7KD', 'RM8', 'US0M4A8Y7KD', '2025-08-30 02:58:03.000000', '2025-09-04 02:58:03.000000'),
	('BK3SMYYMACJX', 'PHONE', 'COMPLETED', '2025-06-24 01:15:17.000000', '2025-06-29 01:15:17.000000', 'phamthilan@gmail.com', 'Phạm Thị Lan', '0912345678', '2025-06-14 01:15:17.000000', 135000, 0, 5, '', b'1', 0, 850000, 4250000, 4077000, '2025-06-29 01:15:17.000000', 292000, 'USQW8T5E1RZ', 'USQW8T5E1RZ', 'RM23', 'USQW8T5E1RZ', '2025-06-24 01:15:17.000000', '2025-06-29 01:15:17.000000'),
	('BK3UTPTJO4EQ', 'FRONT_DESK', 'CANCELLED', '2025-06-15 14:13:31.000000', '2025-06-18 14:13:31.000000', 'phamngocanh@gmail.com', 'Phạm Ngọc Anh', '0909123786', '2025-06-14 14:13:31.000000', 0, 0, 3, '', b'1', 0, 850000, 2550000, 2754000, '2025-06-15 14:13:31.000000', 204000, 'US7W3JZ4E2Q', 'US7W3JZ4E2Q', 'RM22', 'US7W3JZ4E2Q', NULL, NULL),
	('BK45846SLXLI', 'FRONT_DESK', 'COMPLETED', '2025-12-27 04:57:27.000000', '2025-12-31 04:57:27.000000', 'dangthithao@gmail.com', 'Đặng Thị Thảo', '0384567891', '2025-12-23 04:57:27.000000', 0, 0, 4, '', b'1', 0, 850000, 3400000, 3672000, '2025-12-31 04:57:27.000000', 272000, 'USL3H8RZ6NQ', 'USL3H8RZ6NQ', 'RM22', 'USL3H8RZ6NQ', '2025-12-27 04:57:27.000000', '2025-12-31 04:57:27.000000'),
	('BK486MP42OUB', 'ONLINE', 'COMPLETED', '2025-12-16 12:57:49.000000', '2025-12-20 12:57:49.000000', 'havannguyen@gmail.com', 'Hà Văn Nguyên', '03652648261', '2025-12-02 12:57:49.000000', 930000, 0, 4, '', b'1', 0, 850000, 3400000, 4602000, '2025-12-20 12:57:49.000000', 272000, 'USGMJFNCHDU5', 'USGMJFNCHDU5', 'RM20', 'USGMJFNCHDU5', '2025-12-16 12:57:49.000000', '2025-12-20 12:57:49.000000'),
	('BK49CO57LR5T', 'FRONT_DESK', 'COMPLETED', '2025-10-31 22:36:05.000000', '2025-11-04 22:36:05.000000', 'danghoangphu@gmail.com', 'Đặng Hoàng Phú', '0938124567', '2025-10-17 22:36:05.000000', 645000, 0, 4, '', b'1', 0, 2300000, 9200000, 10581000, '2025-11-04 22:36:05.000000', 736000, 'US8MZQK7R4A', 'US8MZQK7R4A', 'RM34', 'US8MZQK7R4A', '2025-10-31 22:36:05.000000', '2025-11-04 22:36:05.000000'),
	('BK4GHYLKRJUJ', 'ONLINE', 'COMPLETED', '2025-07-13 01:04:28.000000', '2025-07-18 01:04:28.000000', 'buiductuan@gmail.com', 'Bùi Đức Tuấn', '0359123478', '2025-07-01 01:04:28.000000', 400000, 0, 5, '', b'1', 0, 600000, 3000000, 3640000, '2025-07-18 01:04:28.000000', 240000, 'US0M4A8Y7KD', 'US0M4A8Y7KD', 'RM1', 'US0M4A8Y7KD', '2025-07-13 01:04:28.000000', '2025-07-18 01:04:28.000000'),
	('BK4HK1VX62AN', 'FRONT_DESK', 'NO_SHOW', '2026-01-06 11:42:16.000000', '2026-01-10 11:42:16.000000', 'lethihong@gmail.com', 'Lê Thị Hồng', '0394567123', '2025-12-25 11:42:16.000000', 0, 0, 4, '', b'1', 0, 850000, 3400000, 3672000, '2026-01-06 11:42:16.000000', 272000, 'US2A6KQW5H9', 'US2A6KQW5H9', 'RM24', 'US2A6KQW5H9', NULL, NULL),
	('BK4OH2TBZC15', 'FRONT_DESK', 'COMPLETED', '2025-07-26 21:44:26.000000', '2025-07-27 21:44:26.000000', 'hoangquocviet@gmail.com', 'Hoàng Quốc Việt', '0978123456', '2025-07-13 21:44:26.000000', 0, 0, 1, '', b'1', 0, 600000, 600000, 648000, '2025-07-27 21:44:26.000000', 48000, 'US6C9B2VYAF', 'US6C9B2VYAF', 'RM12', 'US6C9B2VYAF', '2025-07-26 21:44:26.000000', '2025-07-27 21:44:26.000000'),
	('BK4PUKQ52GBB', 'ONLINE', 'COMPLETED', '2025-12-25 06:29:19.000000', '2025-12-27 06:29:19.000000', 'lethihong@gmail.com', 'Lê Thị Hồng', '0394567123', '2025-12-14 06:29:19.000000', 0, 0, 2, '', b'1', 0, 2300000, 4600000, 4968000, '2025-12-27 06:29:19.000000', 368000, 'US2A6KQW5H9', 'US2A6KQW5H9', 'RM36', 'US2A6KQW5H9', '2025-12-25 06:29:19.000000', '2025-12-27 06:29:19.000000'),
	('BK4RE4DF4RKW', 'ONLINE', 'CANCELLED', '2025-11-16 10:14:41.000000', '2025-11-18 10:14:41.000000', 'phamquangvinh@gmail.com', 'Phạm Quang Vinh', '0948123675', '2025-11-07 10:14:41.000000', 0, 600000, 2, '', b'0', 0, 2300000, 4600000, 4320000, '2025-11-16 10:14:41.000000', 320000, 'US6Z8FQ1XRM', 'US6Z8FQ1XRM', 'RM35', 'US6Z8FQ1XRM', NULL, NULL),
	('BK5BTS2JXLAJ', 'FRONT_DESK', 'COMPLETED', '2025-06-25 15:21:24.000000', '2025-06-27 15:21:24.000000', 'dangthithao@gmail.com', 'Đặng Thị Thảo', '0384567891', '2025-06-19 15:21:24.000000', 0, 0, 2, '', b'1', 0, 1100000, 2200000, 2376000, '2025-06-27 15:21:24.000000', 176000, 'USL3H8RZ6NQ', 'USL3H8RZ6NQ', 'RM26', 'USL3H8RZ6NQ', '2025-06-25 15:21:24.000000', '2025-06-27 15:21:24.000000'),
	('BK5RCB975TT0', 'ONLINE', 'COMPLETED', '2025-09-09 05:09:40.000000', '2025-09-11 05:09:40.000000', 'hoangquocviet@gmail.com', 'Hoàng Quốc Việt', '0978123456', '2025-08-28 05:09:40.000000', 0, 0, 2, '', b'1', 0, 2300000, 4600000, 4968000, '2025-09-11 05:09:40.000000', 368000, 'US6C9B2VYAF', 'US6C9B2VYAF', 'RM35', 'US6C9B2VYAF', '2025-09-09 05:09:40.000000', '2025-09-11 05:09:40.000000'),
	('BK65QS7VQRBH', 'ONLINE', 'COMPLETED', '2026-01-03 01:47:26.000000', '2026-01-08 01:47:26.000000', 'tranthimy@gmail.com', 'Trần Thị My', '0963457812', '2026-01-01 01:47:26.000000', 90000, 0, 5, '', b'1', 0, 600000, 3000000, 3330000, '2026-01-08 01:47:26.000000', 240000, 'US8JZ5VXR4M', 'US8JZ5VXR4M', 'RM11', 'US8JZ5VXR4M', '2026-01-03 01:47:26.000000', '2026-01-08 01:47:26.000000'),
	('BK65Z0VZOGUE', 'PHONE', 'COMPLETED', '2025-06-28 14:01:09.000000', '2025-07-01 14:01:09.000000', 'dothithu@gmail.com', 'Đỗ Thị Thu', '0389123456', '2025-06-15 14:01:09.000000', 200000, 0, 3, '', b'1', 0, 600000, 1800000, 2144000, '2025-07-01 14:01:09.000000', 144000, 'US4Q8M7RZKA', 'US4Q8M7RZKA', 'RM5', 'US4Q8M7RZKA', '2025-06-28 14:01:09.000000', '2025-07-01 14:01:09.000000'),
	('BK6BZR8Z8BB3', 'ONLINE', 'COMPLETED', '2025-07-08 20:33:48.000000', '2025-07-13 20:33:48.000000', 'hoangquocviet@gmail.com', 'Hoàng Quốc Việt', '0978123456', '2025-06-30 20:33:48.000000', 90000, 0, 5, '', b'1', 0, 600000, 3000000, 3330000, '2025-07-13 20:33:48.000000', 240000, 'US6C9B2VYAF', 'US6C9B2VYAF', 'RM3', 'US6C9B2VYAF', '2025-07-08 20:33:48.000000', '2025-07-13 20:33:48.000000'),
	('BK6G011C01C2', 'FRONT_DESK', 'COMPLETED', '2025-10-11 01:11:47.000000', '2025-10-13 01:11:47.000000', 'tranminhquan@gmail.com', 'Trần Minh Quân', '0978912345', '2025-10-01 01:11:47.000000', 0, 0, 2, '', b'1', 0, 1100000, 2200000, 2376000, '2025-10-13 01:11:47.000000', 176000, 'US9X5V0N8KA', 'US9X5V0N8KA', 'RM29', 'US9X5V0N8KA', '2025-10-11 01:11:47.000000', '2025-10-13 01:11:47.000000'),
	('BK70EBJYDEPA', 'FRONT_DESK', 'COMPLETED', '2025-06-24 05:31:05.000000', '2025-06-26 05:31:05.000000', 'lethihong@gmail.com', 'Lê Thị Hồng', '0394567123', '2025-06-19 05:31:05.000000', 0, 0, 2, '', b'1', 0, 600000, 1200000, 1296000, '2025-06-26 05:31:05.000000', 96000, 'US2A6KQW5H9', 'US2A6KQW5H9', 'RM10', 'US2A6KQW5H9', '2025-06-24 05:31:05.000000', '2025-06-26 05:31:05.000000'),
	('BK7DB1LL960W', 'FRONT_DESK', 'COMPLETED', '2025-10-09 13:11:18.000000', '2025-10-12 13:11:18.000000', 'lethihong@gmail.com', 'Lê Thị Hồng', '0394567123', '2025-09-30 13:11:18.000000', 160000, 0, 3, '', b'1', 0, 1800000, 5400000, 5992000, '2025-10-12 13:11:18.000000', 432000, 'US2A6KQW5H9', 'US2A6KQW5H9', 'RM38', 'US2A6KQW5H9', '2025-10-09 13:11:18.000000', '2025-10-12 13:11:18.000000'),
	('BK7GB4ACLCSH', 'ONLINE', 'COMPLETED', '2025-08-16 03:19:52.000000', '2025-08-21 03:19:52.000000', 'vuhoanglong@gmail.com', 'Vũ Hoàng Long', '0945678123', '2025-08-10 03:19:52.000000', 240000, 0, 5, '', b'1', 0, 850000, 4250000, 4830000, '2025-08-21 03:19:52.000000', 340000, 'USFQZ8R3V9A', 'USFQZ8R3V9A', 'RM18', 'USFQZ8R3V9A', '2025-08-16 03:19:52.000000', '2025-08-21 03:19:52.000000'),
	('BK7I2A51J232', 'ONLINE', 'COMPLETED', '2025-07-30 08:03:14.000000', '2025-08-02 08:03:14.000000', 'buitrongnghia@gmail.com', 'Bùi Trọng Nghĩa', '0978123945', '2025-07-21 08:03:14.000000', 195000, 0, 3, '', b'1', 0, 850000, 2550000, 2949000, '2025-08-02 08:03:14.000000', 204000, 'US4RZ8Q9MKA', 'US4RZ8Q9MKA', 'RM21', 'US4RZ8Q9MKA', '2025-07-30 08:03:14.000000', '2025-08-02 08:03:14.000000'),
	('BK7Q9IU8IP52', 'FRONT_DESK', 'COMPLETED', '2026-01-14 07:19:29.000000', '2026-01-18 07:19:29.000000', 'nguyenhuutu@gmail.com', 'Nguyễn Hữu Tú', '0987123456', '2026-01-08 07:19:29.000000', 0, 0, 4, '', b'1', 0, 600000, 2400000, 2592000, '2026-01-18 07:19:29.000000', 192000, 'USM2X8QZ6E5', 'USM2X8QZ6E5', 'RM1', 'USM2X8QZ6E5', '2026-01-14 07:19:29.000000', '2026-01-18 07:19:29.000000'),
	('BK7YY867HLZA', 'FRONT_DESK', 'CANCELLED', '2025-11-24 09:59:46.000000', '2025-11-27 09:59:46.000000', 'phamthilan@gmail.com', 'Phạm Thị Lan', '0912345678', '2025-11-11 09:59:46.000000', 0, 0, 3, '', b'0', 0, 2100000, 6300000, 6804000, '2025-11-24 09:59:46.000000', 504000, 'USQW8T5E1RZ', 'USQW8T5E1RZ', 'RM40', 'USQW8T5E1RZ', NULL, NULL),
	('BK809KN14JYH', 'FRONT_DESK', 'COMPLETED', '2025-06-19 03:32:34.000000', '2025-06-24 03:32:34.000000', 'phamhoangnam@gmail.com', 'Phạm Hoàng Nam', '0936789123', '2025-06-06 03:32:34.000000', 600000, 0, 5, '', b'1', 0, 600000, 3000000, 3840000, '2025-06-24 03:32:34.000000', 240000, 'USWQ6N7Z3MP', 'USWQ6N7Z3MP', 'RM6', 'USWQ6N7Z3MP', '2025-06-19 03:32:34.000000', '2025-06-24 03:32:34.000000'),
	('BK83RTCKQTXB', 'FRONT_DESK', 'NO_SHOW', '2025-09-06 23:14:13.000000', '2025-09-10 23:14:13.000000', 'dothithu@gmail.com', 'Đỗ Thị Thu', '0389123456', '2025-09-02 23:14:13.000000', 0, 0, 4, '', b'1', 0, 2000000, 8000000, 8640000, '2025-09-06 23:14:13.000000', 640000, 'US4Q8M7RZKA', 'US4Q8M7RZKA', 'RM31', 'US4Q8M7RZKA', NULL, NULL),
	('BK860G1V6WKP', 'PHONE', 'NO_SHOW', '2025-11-04 12:40:24.000000', '2025-11-09 12:40:24.000000', 'phamthilan@gmail.com', 'Phạm Thị Lan', '0912345678', '2025-10-21 12:40:24.000000', 0, 0, 5, '', b'0', 0, 850000, 4250000, 4590000, '2025-11-04 12:40:24.000000', 340000, 'USQW8T5E1RZ', 'USQW8T5E1RZ', 'RM18', 'USQW8T5E1RZ', NULL, NULL),
	('BK864CVQENI6', 'FRONT_DESK', 'COMPLETED', '2025-09-04 00:01:37.000000', '2025-09-07 00:01:37.000000', 'tranminhquan@gmail.com', 'Trần Minh Quân', '0978912345', '2025-08-26 00:01:37.000000', 555000, 0, 3, '', b'1', 0, 600000, 1800000, 2499000, '2025-09-07 00:01:37.000000', 144000, 'US9X5V0N8KA', 'US9X5V0N8KA', 'RM6', 'US9X5V0N8KA', '2025-09-04 00:01:37.000000', '2025-09-07 00:01:37.000000'),
	('BK8HL2U2WASV', 'FRONT_DESK', 'NO_SHOW', '2025-12-20 05:56:20.000000', '2025-12-23 05:56:20.000000', 'nguyenhuutu@gmail.com', 'Nguyễn Hữu Tú', '0987123456', '2025-12-08 05:56:20.000000', 0, 0, 3, '', b'1', 200000, 2000000, 6000000, 6264000, '2025-12-20 05:56:20.000000', 464000, 'USM2X8QZ6E5', 'USM2X8QZ6E5', 'RM31', 'USM2X8QZ6E5', NULL, NULL),
	('BK8LIYZMBXYS', 'FRONT_DESK', 'NO_SHOW', '2025-11-12 12:08:54.000000', '2025-11-16 12:08:54.000000', 'dangthithao@gmail.com', 'Đặng Thị Thảo', '0384567891', '2025-11-05 12:08:54.000000', 0, 0, 4, '', b'0', 0, 850000, 3400000, 3672000, '2025-11-12 12:08:54.000000', 272000, 'USL3H8RZ6NQ', 'USL3H8RZ6NQ', 'RM24', 'USL3H8RZ6NQ', NULL, NULL),
	('BK8N6E22GQUU', 'ONLINE', 'COMPLETED', '2025-12-05 01:33:14.000000', '2025-12-09 01:33:14.000000', 'lethihong@gmail.com', 'Lê Thị Hồng', '0394567123', '2025-12-04 01:33:14.000000', 0, 0, 4, '', b'1', 0, 850000, 3400000, 3456000, '2025-12-09 01:33:14.000000', 256000, 'US2A6KQW5H9', 'US2A6KQW5H9', 'RM24', 'US2A6KQW5H9', '2025-12-05 01:33:14.000000', '2025-12-09 01:33:14.000000'),
	('BK8RK06OYPM3', 'ONLINE', 'COMPLETED', '2025-08-22 19:47:18.000000', '2025-08-26 19:47:18.000000', 'phamhoangnam@gmail.com', 'Phạm Hoàng Nam', '0936789123', '2025-08-18 19:47:18.000000', 0, 0, 4, '', b'1', 0, 850000, 3400000, 3672000, '2025-08-26 19:47:18.000000', 272000, 'USWQ6N7Z3MP', 'USWQ6N7Z3MP', 'RM15', 'USWQ6N7Z3MP', '2025-08-22 19:47:18.000000', '2025-08-26 19:47:18.000000'),
	('BK99E2Q4VH84', 'FRONT_DESK', 'CANCELLED', '2026-01-11 22:58:28.000000', '2026-01-16 22:58:28.000000', 'dothithu@gmail.com', 'Đỗ Thị Thu', '0389123456', '2026-01-08 22:58:28.000000', 0, 0, 5, '', b'0', 0, 600000, 3000000, 3240000, '2026-01-11 22:58:28.000000', 240000, 'US4Q8M7RZKA', 'US4Q8M7RZKA', 'RM4', 'US4Q8M7RZKA', NULL, NULL),
	('BK9CJ1QZ8IYA', 'FRONT_DESK', 'COMPLETED', '2025-12-17 19:46:24.000000', '2025-12-19 19:46:24.000000', 'nguyenthilan@gmail.com', 'Nguyễn Thị Lan', '0912347896', '2025-12-07 19:46:24.000000', 0, 100000, 2, '', b'1', 0, 600000, 1200000, 1188000, '2025-12-19 19:46:24.000000', 88000, 'US8R6NQ2EZA', 'US8R6NQ2EZA', 'RM11', 'US8R6NQ2EZA', '2025-12-17 19:46:24.000000', '2025-12-19 19:46:24.000000'),
	('BK9U36LU8K6S', 'FRONT_DESK', 'COMPLETED', '2025-12-02 14:06:25.000000', '2025-12-04 14:06:25.000000', 'phamducthinh@gmail.com', 'Phạm Đức Thịnh', '0916782345', '2025-11-18 14:06:25.000000', 360000, 0, 2, '', b'1', 0, 600000, 1200000, 1656000, '2025-12-04 14:06:25.000000', 96000, 'US9D5E7K2RC', 'US9D5E7K2RC', 'RM12', 'US9D5E7K2RC', '2025-12-02 14:06:25.000000', '2025-12-04 14:06:25.000000'),
	('BKA7Q6MPKFAT', 'PHONE', 'CANCELLED', '2025-12-21 06:52:59.000000', '2025-12-25 06:52:59.000000', 'doquanghuy@gmail.com', 'Đỗ Quang Huy', '0972345618', '2025-12-16 06:52:59.000000', 0, 0, 4, '', b'1', 0, 600000, 2400000, 2592000, '2025-12-21 06:52:59.000000', 192000, 'USX8Y4Z3M0F', 'USX8Y4Z3M0F', 'RM8', 'USX8Y4Z3M0F', NULL, NULL),
	('BKADPDD2F6WC', 'ONLINE', 'COMPLETED', '2025-07-17 07:06:23.000000', '2025-07-22 07:06:23.000000', 'danghoangphu@gmail.com', 'Đặng Hoàng Phú', '0938124567', '2025-07-08 07:06:23.000000', 145000, 0, 5, '', b'1', 0, 600000, 3000000, 3385000, '2025-07-22 07:06:23.000000', 240000, 'US8MZQK7R4A', 'US8MZQK7R4A', 'RM6', 'US8MZQK7R4A', '2025-07-17 07:06:23.000000', '2025-07-22 07:06:23.000000'),
	('BKAGTM7H2N41', 'ONLINE', 'COMPLETED', '2025-10-05 20:36:17.000000', '2025-10-06 20:36:17.000000', 'nguyenhuutu@gmail.com', 'Nguyễn Hữu Tú', '0987123456', '2025-09-24 20:36:17.000000', 0, 0, 1, '', b'1', 0, 2100000, 2100000, 2268000, '2025-10-06 20:36:17.000000', 168000, 'USM2X8QZ6E5', 'USM2X8QZ6E5', 'RM41', 'USM2X8QZ6E5', '2025-10-05 20:36:17.000000', '2025-10-06 20:36:17.000000'),
	('BKAK9Q17BHZR', 'PHONE', 'COMPLETED', '2025-11-23 20:06:52.000000', '2025-11-26 20:06:52.000000', 'dothithu@gmail.com', 'Đỗ Thị Thu', '0389123456', '2025-11-11 20:06:52.000000', 0, 0, 3, '', b'1', 0, 850000, 2550000, 2754000, '2025-11-26 20:06:52.000000', 204000, 'US4Q8M7RZKA', 'US4Q8M7RZKA', 'RM21', 'US4Q8M7RZKA', '2025-11-23 20:06:52.000000', '2025-11-26 20:06:52.000000'),
	('BKARWMPNVUNF', 'ONLINE', 'COMPLETED', '2025-12-10 19:05:00.000000', '2025-12-14 19:05:00.000000', 'hoangthanhson@gmail.com', 'Hoàng Thanh Sơn', '0934567812', '2025-12-02 19:05:00.000000', 0, 0, 4, '', b'1', 0, 2300000, 9200000, 9936000, '2025-12-14 19:05:00.000000', 736000, 'US5A9Z0FQ3M', 'US5A9Z0FQ3M', 'RM34', 'US5A9Z0FQ3M', '2025-12-10 19:05:00.000000', '2025-12-14 19:05:00.000000'),
	('BKAWJQ62N02J', 'ONLINE', 'NO_SHOW', '2025-09-25 04:24:36.000000', '2025-09-28 04:24:36.000000', 'phamhoangnam@gmail.com', 'Phạm Hoàng Nam', '0936789123', '2025-09-15 04:24:36.000000', 0, 0, 3, '', b'1', 0, 600000, 1800000, 1944000, '2025-09-25 04:24:36.000000', 144000, 'USWQ6N7Z3MP', 'USWQ6N7Z3MP', 'RM9', 'USWQ6N7Z3MP', NULL, NULL),
	('BKB73LGJUCQQ', 'PHONE', 'COMPLETED', '2025-07-02 02:29:21.000000', '2025-07-07 02:29:21.000000', 'levanminh@gmail.com', 'Lê Văn Minh', '0983456721', '2025-06-26 02:29:21.000000', 0, 0, 5, '', b'1', 0, 600000, 3000000, 3240000, '2025-07-07 02:29:21.000000', 240000, 'USM7A9JX2KD', 'USM7A9JX2KD', 'RM9', 'USM7A9JX2KD', '2025-07-02 02:29:21.000000', '2025-07-07 02:29:21.000000'),
	('BKB98X16BFQU', 'PHONE', 'COMPLETED', '2025-08-01 02:21:57.000000', '2025-08-04 02:21:57.000000', 'nguyenthanhdat@gmail.com', 'Nguyễn Thành Đạt', '0904567893', '2025-07-27 02:21:57.000000', 60000, 0, 3, '', b'1', 0, 2100000, 6300000, 6864000, '2025-08-04 02:21:57.000000', 504000, 'US5E9C2XHRA', 'US5E9C2XHRA', 'RM41', 'US5E9C2XHRA', '2025-08-01 02:21:57.000000', '2025-08-04 02:21:57.000000'),
	('BKB9DTVPOA47', 'ONLINE', 'COMPLETED', '2026-01-11 00:52:19.000000', '2026-01-16 00:52:19.000000', 'vovanphuc@gmail.com', 'Võ Văn Phúc', '0973456128', '2026-01-09 00:52:19.000000', 0, 0, 5, '', b'1', 0, 600000, 3000000, 3240000, '2026-01-16 00:52:19.000000', 240000, 'US3Z9A5E4RM', 'US3Z9A5E4RM', 'RM11', 'US3Z9A5E4RM', '2026-01-11 00:52:19.000000', '2026-01-16 00:52:19.000000'),
	('BKBC3S4IUH94', 'FRONT_DESK', 'COMPLETED', '2025-11-10 15:42:49.000000', '2025-11-15 15:42:49.000000', 'phamthilan@gmail.com', 'Phạm Thị Lan', '0912345678', '2025-11-09 15:42:49.000000', 15000, 0, 5, '', b'1', 0, 2000000, 10000000, 10815000, '2025-11-15 15:42:49.000000', 800000, 'USQW8T5E1RZ', 'USQW8T5E1RZ', 'RM33', 'USQW8T5E1RZ', '2025-11-10 15:42:49.000000', '2025-11-15 15:42:49.000000'),
	('BKBEEMSE3B3E', 'PHONE', 'COMPLETED', '2025-10-13 07:58:58.000000', '2025-10-16 07:58:58.000000', 'hoangquocviet@gmail.com', 'Hoàng Quốc Việt', '0978123456', '2025-09-30 07:58:58.000000', 45000, 0, 3, '', b'1', 0, 2000000, 6000000, 6525000, '2025-10-16 07:58:58.000000', 480000, 'US6C9B2VYAF', 'US6C9B2VYAF', 'RM33', 'US6C9B2VYAF', '2025-10-13 07:58:58.000000', '2025-10-16 07:58:58.000000'),
	('BKBUY8O1H95S', 'FRONT_DESK', 'COMPLETED', '2025-09-08 01:16:39.000000', '2025-09-10 01:16:39.000000', 'vuhoanglong@gmail.com', 'Vũ Hoàng Long', '0945678123', '2025-09-05 01:16:39.000000', 110000, 0, 2, '', b'1', 0, 2100000, 4200000, 4646000, '2025-09-10 01:16:39.000000', 336000, 'USFQZ8R3V9A', 'USFQZ8R3V9A', 'RM42', 'USFQZ8R3V9A', '2025-09-08 01:16:39.000000', '2025-09-10 01:16:39.000000'),
	('BKBW207P4N8F', 'FRONT_DESK', 'COMPLETED', '2025-10-20 12:33:09.000000', '2025-10-22 12:33:09.000000', 'havannguyen@gmail.com', 'Hà Văn Nguyên', '03652648261', '2025-10-09 12:33:09.000000', 60000, 0, 2, '', b'1', 0, 2000000, 4000000, 4380000, '2025-10-22 12:33:09.000000', 320000, 'USGMJFNCHDU5', 'USGMJFNCHDU5', 'RM32', 'USGMJFNCHDU5', '2025-10-20 12:33:09.000000', '2025-10-22 12:33:09.000000'),
	('BKC25NAFHQKN', 'ONLINE', 'COMPLETED', '2025-07-05 22:17:37.000000', '2025-07-06 22:17:37.000000', 'trandoanthang@gmail.com', 'Trần Đoan Thắng', '0903457819', '2025-07-01 22:17:37.000000', 0, 0, 1, '', b'1', 0, 1800000, 1800000, 1944000, '2025-07-06 22:17:37.000000', 144000, 'US5RZ8Q0MKA', 'US5RZ8Q0MKA', 'RM39', 'US5RZ8Q0MKA', '2025-07-05 22:17:37.000000', '2025-07-06 22:17:37.000000'),
	('BKC2G1O7IK1X', 'FRONT_DESK', 'COMPLETED', '2025-07-29 15:07:25.000000', '2025-07-30 15:07:25.000000', 'havannguyen@gmail.com', 'Hà Văn Nguyên', '03652648261', '2025-07-22 15:07:25.000000', 0, 0, 1, '', b'1', 0, 600000, 600000, 648000, '2025-07-30 15:07:25.000000', 48000, 'USGMJFNCHDU5', 'USGMJFNCHDU5', 'RM9', 'USGMJFNCHDU5', '2025-07-29 15:07:25.000000', '2025-07-30 15:07:25.000000'),
	('BKC9B0YP8L0G', 'PHONE', 'NO_SHOW', '2025-10-17 03:41:38.000000', '2025-10-21 03:41:38.000000', 'phamquangvinh@gmail.com', 'Phạm Quang Vinh', '0948123675', '2025-10-12 03:41:38.000000', 0, 0, 4, '', b'0', 0, 2300000, 9200000, 9936000, '2025-10-17 03:41:38.000000', 736000, 'US6Z8FQ1XRM', 'US6Z8FQ1XRM', 'RM34', 'US6Z8FQ1XRM', NULL, NULL),
	('BKCIC4VLT6CZ', 'FRONT_DESK', 'CANCELLED', '2025-09-19 00:14:19.000000', '2025-09-21 00:14:19.000000', 'buitrongnghia@gmail.com', 'Bùi Trọng Nghĩa', '0978123945', '2025-09-18 00:14:19.000000', 0, 0, 2, '', b'1', 0, 600000, 1200000, 1296000, '2025-09-19 00:14:19.000000', 96000, 'US4RZ8Q9MKA', 'US4RZ8Q9MKA', 'RM2', 'US4RZ8Q9MKA', NULL, NULL),
	('BKCTAB0193IK', 'FRONT_DESK', 'COMPLETED', '2025-07-04 13:56:44.000000', '2025-07-07 13:56:44.000000', 'levanminh@gmail.com', 'Lê Văn Minh', '0983456721', '2025-06-30 13:56:44.000000', 0, 0, 3, '', b'1', 0, 1100000, 3300000, 3564000, '2025-07-07 13:56:44.000000', 264000, 'USM7A9JX2KD', 'USM7A9JX2KD', 'RM30', 'USM7A9JX2KD', '2025-07-04 13:56:44.000000', '2025-07-07 13:56:44.000000'),
	('BKCVS06IWRJZ', 'PHONE', 'NO_SHOW', '2025-12-11 02:17:54.000000', '2025-12-16 02:17:54.000000', 'buiductuan@gmail.com', 'Bùi Đức Tuấn', '0359123478', '2025-12-07 02:17:54.000000', 0, 0, 5, '', b'1', 0, 2100000, 10500000, 11340000, '2025-12-11 02:17:54.000000', 840000, 'US0M4A8Y7KD', 'US0M4A8Y7KD', 'RM42', 'US0M4A8Y7KD', NULL, NULL),
	('BKCXOL6QJ8SA', 'FRONT_DESK', 'COMPLETED', '2025-11-24 17:13:11.000000', '2025-11-28 17:13:11.000000', 'hoangquocviet@gmail.com', 'Hoàng Quốc Việt', '0978123456', '2025-11-21 17:13:11.000000', 275000, 0, 4, '', b'1', 0, 850000, 3400000, 3947000, '2025-11-28 17:13:11.000000', 272000, 'US6C9B2VYAF', 'US6C9B2VYAF', 'RM15', 'US6C9B2VYAF', '2025-11-24 17:13:11.000000', '2025-11-28 17:13:11.000000'),
	('BKD2BP976FOU', 'PHONE', 'COMPLETED', '2025-11-26 14:55:23.000000', '2025-12-01 14:55:23.000000', 'danghoangphu@gmail.com', 'Đặng Hoàng Phú', '0938124567', '2025-11-13 14:55:23.000000', 0, 100000, 5, '', b'1', 0, 600000, 3000000, 3132000, '2025-12-01 14:55:23.000000', 232000, 'US8MZQK7R4A', 'US8MZQK7R4A', 'RM7', 'US8MZQK7R4A', '2025-11-26 14:55:23.000000', '2025-12-01 14:55:23.000000'),
	('BKD2NE0U9ZDF', 'PHONE', 'NO_SHOW', '2025-08-10 04:23:22.000000', '2025-08-11 04:23:22.000000', 'phamquangvinh@gmail.com', 'Phạm Quang Vinh', '0948123675', '2025-08-06 04:23:22.000000', 0, 0, 1, '', b'1', 0, 600000, 600000, 648000, '2025-08-10 04:23:22.000000', 48000, 'US6Z8FQ1XRM', 'US6Z8FQ1XRM', 'RM4', 'US6Z8FQ1XRM', NULL, NULL),
	('BKDAWTO61RTM', 'PHONE', 'COMPLETED', '2025-12-11 19:09:52.000000', '2025-12-13 19:09:52.000000', 'buitrongnghia@gmail.com', 'Bùi Trọng Nghĩa', '0978123945', '2025-12-01 19:09:52.000000', 0, 0, 2, '', b'1', 0, 2100000, 4200000, 4536000, '2025-12-13 19:09:52.000000', 336000, 'US4RZ8Q9MKA', 'US4RZ8Q9MKA', 'RM41', 'US4RZ8Q9MKA', '2025-12-11 19:09:52.000000', '2025-12-13 19:09:52.000000'),
	('BKDT8KVBS7BW', 'PHONE', 'CANCELLED', '2025-08-05 11:23:13.000000', '2025-08-09 11:23:13.000000', 'hoangthanhson@gmail.com', 'Hoàng Thanh Sơn', '0934567812', '2025-07-23 11:23:13.000000', 0, 200000, 4, '', b'1', 200000, 850000, 3400000, 3456000, '2025-08-05 11:23:13.000000', 256000, 'US5A9Z0FQ3M', 'US5A9Z0FQ3M', 'RM20', 'US5A9Z0FQ3M', NULL, NULL),
	('BKDTZM71P1IP', 'PHONE', 'COMPLETED', '2025-10-21 23:38:19.000000', '2025-10-26 23:38:19.000000', 'trandoanthang@gmail.com', 'Trần Đoan Thắng', '0903457819', '2025-10-15 23:38:19.000000', 320000, 0, 5, '', b'1', 0, 2300000, 11500000, 12092000, '2025-10-26 23:38:19.000000', 872000, 'US5RZ8Q0MKA', 'US5RZ8Q0MKA', 'RM35', 'US5RZ8Q0MKA', '2025-10-21 23:38:19.000000', '2025-10-26 23:38:19.000000'),
	('BKDXR51FO1HG', 'FRONT_DESK', 'COMPLETED', '2025-11-27 17:28:27.000000', '2025-12-01 17:28:27.000000', 'lethanhtrung@gmail.com', 'Lê Thanh Trung', '0968123457', '2025-11-16 17:28:27.000000', 0, 200000, 4, '', b'1', 200000, 850000, 3400000, 3456000, '2025-12-01 17:28:27.000000', 256000, 'US0KX7M9Q3E', 'US0KX7M9Q3E', 'RM19', 'US0KX7M9Q3E', '2025-11-27 17:28:27.000000', '2025-12-01 17:28:27.000000'),
	('BKDYGHVAXVX8', 'ONLINE', 'CANCELLED', '2025-08-06 10:31:56.000000', '2025-08-09 10:31:56.000000', 'buiductuan@gmail.com', 'Bùi Đức Tuấn', '0359123478', '2025-07-24 10:31:56.000000', 0, 0, 3, '', b'1', 0, 850000, 2550000, 2754000, '2025-08-06 10:31:56.000000', 204000, 'US0M4A8Y7KD', 'US0M4A8Y7KD', 'RM21', 'US0M4A8Y7KD', NULL, NULL),
	('BKEQEGDC5D0Q', 'ONLINE', 'COMPLETED', '2025-06-21 15:02:58.000000', '2025-06-22 15:02:58.000000', 'danghoangphu@gmail.com', 'Đặng Hoàng Phú', '0938124567', '2025-06-09 15:02:58.000000', 0, 0, 1, '', b'1', 0, 2000000, 2000000, 2160000, '2025-06-22 15:02:58.000000', 160000, 'US8MZQK7R4A', 'US8MZQK7R4A', 'RM32', 'US8MZQK7R4A', '2025-06-21 15:02:58.000000', '2025-06-22 15:02:58.000000'),
	('BKFBDYTM4TGB', 'PHONE', 'COMPLETED', '2025-07-10 14:14:57.000000', '2025-07-11 14:14:57.000000', 'dothithu@gmail.com', 'Đỗ Thị Thu', '0389123456', '2025-06-26 14:14:57.000000', 30000, 0, 1, '', b'1', 0, 850000, 850000, 948000, '2025-07-11 14:14:57.000000', 68000, 'US4Q8M7RZKA', 'US4Q8M7RZKA', 'RM14', 'US4Q8M7RZKA', '2025-07-10 14:14:57.000000', '2025-07-11 14:14:57.000000'),
	('BKFI8Y92VL4W', 'ONLINE', 'COMPLETED', '2025-10-23 19:00:28.000000', '2025-10-26 19:00:28.000000', 'phamducthinh@gmail.com', 'Phạm Đức Thịnh', '0916782345', '2025-10-10 19:00:28.000000', 400000, 0, 3, '', b'1', 0, 850000, 2550000, 3154000, '2025-10-26 19:00:28.000000', 204000, 'US9D5E7K2RC', 'US9D5E7K2RC', 'RM22', 'US9D5E7K2RC', '2025-10-23 19:00:28.000000', '2025-10-26 19:00:28.000000'),
	('BKFN9HIOTZ29', 'FRONT_DESK', 'NO_SHOW', '2025-07-17 16:35:28.000000', '2025-07-21 16:35:28.000000', 'danghoangphu@gmail.com', 'Đặng Hoàng Phú', '0938124567', '2025-07-09 16:35:28.000000', 0, 0, 4, '', b'1', 0, 600000, 2400000, 2592000, '2025-07-17 16:35:28.000000', 192000, 'US8MZQK7R4A', 'US8MZQK7R4A', 'RM5', 'US8MZQK7R4A', NULL, NULL),
	('BKFQ1YGCB89I', 'FRONT_DESK', 'NO_SHOW', '2025-08-12 19:19:09.000000', '2025-08-15 19:19:09.000000', 'dangthithao@gmail.com', 'Đặng Thị Thảo', '0384567891', '2025-08-06 19:19:09.000000', 0, 0, 3, '', b'1', 0, 600000, 1800000, 1944000, '2025-08-12 19:19:09.000000', 144000, 'USL3H8RZ6NQ', 'USL3H8RZ6NQ', 'RM2', 'USL3H8RZ6NQ', NULL, NULL),
	('BKFTMIQYYBG5', 'FRONT_DESK', 'COMPLETED', '2025-12-02 04:02:11.000000', '2025-12-06 04:02:11.000000', 'tranthimy@gmail.com', 'Trần Thị My', '0963457812', '2025-12-01 04:02:11.000000', 0, 0, 4, '', b'1', 600000, 600000, 2400000, 1944000, '2025-12-06 04:02:11.000000', 144000, 'US8JZ5VXR4M', 'US8JZ5VXR4M', 'RM10', 'US8JZ5VXR4M', '2025-12-02 04:02:11.000000', '2025-12-06 04:02:11.000000'),
	('BKFXRR02FSH3', 'ONLINE', 'COMPLETED', '2025-09-24 05:19:19.000000', '2025-09-25 05:19:19.000000', 'dangthithao@gmail.com', 'Đặng Thị Thảo', '0384567891', '2025-09-14 05:19:19.000000', 0, 600000, 1, '', b'1', 0, 2100000, 2100000, 1620000, '2025-09-25 05:19:19.000000', 120000, 'USL3H8RZ6NQ', 'USL3H8RZ6NQ', 'RM42', 'USL3H8RZ6NQ', '2025-09-24 05:19:19.000000', '2025-09-25 05:19:19.000000'),
	('BKG4YNKI9G63', 'FRONT_DESK', 'COMPLETED', '2025-11-20 02:04:43.000000', '2025-11-24 02:04:43.000000', 'lethihong@gmail.com', 'Lê Thị Hồng', '0394567123', '2025-11-17 02:04:43.000000', 0, 0, 4, '', b'1', 200000, 1100000, 4400000, 4536000, '2025-11-24 02:04:43.000000', 336000, 'US2A6KQW5H9', 'US2A6KQW5H9', 'RM28', 'US2A6KQW5H9', '2025-11-20 02:04:43.000000', '2025-11-24 02:04:43.000000'),
	('BKGF3ILC2LF0', 'PHONE', 'COMPLETED', '2025-09-27 13:35:47.000000', '2025-10-01 13:35:47.000000', 'phamthanhtri0712@gmail.com', 'Phạm Thành Trí', '0398694435', '2025-09-24 13:35:47.000000', 20000, 100000, 4, '', b'1', 100000, 850000, 3400000, 3584000, '2025-10-01 13:35:47.000000', 264000, 'USFQY6HBNFMX', 'USFQY6HBNFMX', 'RM15', 'USFQY6HBNFMX', '2025-09-27 13:35:47.000000', '2025-10-01 13:35:47.000000'),
	('BKGYC68DZ53U', 'PHONE', 'COMPLETED', '2025-10-12 12:39:39.000000', '2025-10-15 12:39:39.000000', 'buiductuan@gmail.com', 'Bùi Đức Tuấn', '0359123478', '2025-10-09 12:39:39.000000', 0, 0, 3, '', b'1', 0, 2300000, 6900000, 7452000, '2025-10-15 12:39:39.000000', 552000, 'US0M4A8Y7KD', 'US0M4A8Y7KD', 'RM34', 'US0M4A8Y7KD', '2025-10-12 12:39:39.000000', '2025-10-15 12:39:39.000000'),
	('BKH7TCW698I0', 'FRONT_DESK', 'COMPLETED', '2025-09-13 11:43:27.000000', '2025-09-17 11:43:27.000000', 'doquanghuy@gmail.com', 'Đỗ Quang Huy', '0972345618', '2025-09-06 11:43:27.000000', 140000, 0, 4, '', b'1', 0, 2300000, 9200000, 10076000, '2025-09-17 11:43:27.000000', 736000, 'USX8Y4Z3M0F', 'USX8Y4Z3M0F', 'RM34', 'USX8Y4Z3M0F', '2025-09-13 11:43:27.000000', '2025-09-17 11:43:27.000000'),
	('BKH9QKAB2I45', 'ONLINE', 'COMPLETED', '2025-07-23 07:03:19.000000', '2025-07-25 07:03:19.000000', 'hoangthanhson@gmail.com', 'Hoàng Thanh Sơn', '0934567812', '2025-07-13 07:03:19.000000', 0, 0, 2, '', b'1', 0, 2100000, 4200000, 4536000, '2025-07-25 07:03:19.000000', 336000, 'US5A9Z0FQ3M', 'US5A9Z0FQ3M', 'RM41', 'US5A9Z0FQ3M', '2025-07-23 07:03:19.000000', '2025-07-25 07:03:19.000000'),
	('BKHBH65UA9GQ', 'ONLINE', 'NO_SHOW', '2025-11-02 12:02:26.000000', '2025-11-06 12:02:26.000000', 'tranthimy@gmail.com', 'Trần Thị My', '0963457812', '2025-10-24 12:02:26.000000', 0, 0, 4, '', b'1', 0, 1800000, 7200000, 7776000, '2025-11-02 12:02:26.000000', 576000, 'US8JZ5VXR4M', 'US8JZ5VXR4M', 'RM39', 'US8JZ5VXR4M', NULL, NULL),
	('BKHDJJYPBU7U', 'PHONE', 'COMPLETED', '2025-09-26 16:49:01.000000', '2025-09-29 16:49:01.000000', 'lethihong@gmail.com', 'Lê Thị Hồng', '0394567123', '2025-09-25 16:49:01.000000', 0, 0, 3, '', b'1', 0, 1100000, 3300000, 3564000, '2025-09-29 16:49:01.000000', 264000, 'US2A6KQW5H9', 'US2A6KQW5H9', 'RM26', 'US2A6KQW5H9', '2025-09-26 16:49:01.000000', '2025-09-29 16:49:01.000000'),
	('BKHHNAK7STQE', 'PHONE', 'COMPLETED', '2025-09-16 18:44:09.000000', '2025-09-19 18:44:09.000000', 'levanminh@gmail.com', 'Lê Văn Minh', '0983456721', '2025-09-06 18:44:09.000000', 0, 600000, 3, '', b'1', 600000, 850000, 2550000, 2106000, '2025-09-19 18:44:09.000000', 156000, 'USM7A9JX2KD', 'USM7A9JX2KD', 'RM13', 'USM7A9JX2KD', '2025-09-16 18:44:09.000000', '2025-09-19 18:44:09.000000'),
	('BKHXF8DRMTTJ', 'PHONE', 'COMPLETED', '2025-09-30 12:38:36.000000', '2025-10-05 12:38:36.000000', 'lethihong@gmail.com', 'Lê Thị Hồng', '0394567123', '2025-09-21 12:38:36.000000', 530000, 0, 5, '', b'1', 0, 1100000, 5500000, 6470000, '2025-10-05 12:38:36.000000', 440000, 'US2A6KQW5H9', 'US2A6KQW5H9', 'RM30', 'US2A6KQW5H9', '2025-09-30 12:38:36.000000', '2025-10-05 12:38:36.000000'),
	('BKI2B9KCRR0H', 'PHONE', 'COMPLETED', '2025-11-04 22:15:48.000000', '2025-11-05 22:15:48.000000', 'phamducthinh@gmail.com', 'Phạm Đức Thịnh', '0916782345', '2025-10-26 22:15:48.000000', 15000, 0, 1, '', b'1', 0, 1100000, 1100000, 1203000, '2025-11-05 22:15:48.000000', 88000, 'US9D5E7K2RC', 'US9D5E7K2RC', 'RM30', 'US9D5E7K2RC', '2025-11-04 22:15:48.000000', '2025-11-05 22:15:48.000000'),
	('BKIBNSTMGH4M', 'PHONE', 'COMPLETED', '2025-11-28 08:51:30.000000', '2025-11-29 08:51:30.000000', 'nguyenthanhdat@gmail.com', 'Nguyễn Thành Đạt', '0904567893', '2025-11-20 08:51:30.000000', 0, 0, 1, '', b'1', 0, 600000, 600000, 648000, '2025-11-29 08:51:30.000000', 48000, 'US5E9C2XHRA', 'US5E9C2XHRA', 'RM8', 'US5E9C2XHRA', '2025-11-28 08:51:30.000000', '2025-11-29 08:51:30.000000'),
	('BKIPZYGNHWRC', 'FRONT_DESK', 'COMPLETED', '2025-09-23 01:27:28.000000', '2025-09-27 01:27:28.000000', 'dangthithao@gmail.com', 'Đặng Thị Thảo', '0384567891', '2025-09-17 01:27:28.000000', 0, 0, 4, '', b'1', 0, 2000000, 8000000, 8640000, '2025-09-27 01:27:28.000000', 640000, 'USL3H8RZ6NQ', 'USL3H8RZ6NQ', 'RM31', 'USL3H8RZ6NQ', '2025-09-23 01:27:28.000000', '2025-09-27 01:27:28.000000'),
	('BKIWRI3LNJZV', 'PHONE', 'COMPLETED', '2025-12-27 22:03:39.000000', '2025-12-29 22:03:39.000000', 'lethihong@gmail.com', 'Lê Thị Hồng', '0394567123', '2025-12-24 22:03:39.000000', 660000, 0, 2, '', b'1', 0, 600000, 1200000, 1956000, '2025-12-29 22:03:39.000000', 96000, 'US2A6KQW5H9', 'US2A6KQW5H9', 'RM4', 'US2A6KQW5H9', '2025-12-27 22:03:39.000000', '2025-12-29 22:03:39.000000'),
	('BKJ3PL9PDL8J', 'FRONT_DESK', 'COMPLETED', '2025-12-16 11:39:27.000000', '2025-12-20 11:39:27.000000', 'hoangthanhson@gmail.com', 'Hoàng Thanh Sơn', '0934567812', '2025-12-07 11:39:27.000000', 0, 0, 4, '', b'1', 0, 2300000, 9200000, 9936000, '2025-12-20 11:39:27.000000', 736000, 'US5A9Z0FQ3M', 'US5A9Z0FQ3M', 'RM34', 'US5A9Z0FQ3M', '2025-12-16 11:39:27.000000', '2025-12-20 11:39:27.000000'),
	('BKJ7643JW10L', 'ONLINE', 'COMPLETED', '2025-12-14 22:02:34.000000', '2025-12-15 22:02:34.000000', 'danghoangphu@gmail.com', 'Đặng Hoàng Phú', '0938124567', '2025-12-08 22:02:34.000000', 130000, 0, 1, '', b'1', 0, 600000, 600000, 778000, '2025-12-15 22:02:34.000000', 48000, 'US8MZQK7R4A', 'US8MZQK7R4A', 'RM7', 'US8MZQK7R4A', '2025-12-14 22:02:34.000000', '2025-12-15 22:02:34.000000'),
	('BKJDJESZT54N', 'FRONT_DESK', 'COMPLETED', '2025-09-30 10:53:28.000000', '2025-10-01 10:53:28.000000', 'doquanghuy@gmail.com', 'Đỗ Quang Huy', '0972345618', '2025-09-20 10:53:28.000000', 0, 0, 1, '', b'1', 0, 600000, 600000, 648000, '2025-10-01 10:53:28.000000', 48000, 'USX8Y4Z3M0F', 'USX8Y4Z3M0F', 'RM8', 'USX8Y4Z3M0F', '2025-09-30 10:53:28.000000', '2025-10-01 10:53:28.000000'),
	('BKJJYDUK68AB', 'FRONT_DESK', 'COMPLETED', '2025-08-23 08:26:20.000000', '2025-08-24 08:26:20.000000', 'nguyenhuutu@gmail.com', 'Nguyễn Hữu Tú', '0987123456', '2025-08-12 08:26:20.000000', 310000, 0, 1, '', b'1', 0, 850000, 850000, 1228000, '2025-08-24 08:26:20.000000', 68000, 'USM2X8QZ6E5', 'USM2X8QZ6E5', 'RM15', 'USM2X8QZ6E5', '2025-08-23 08:26:20.000000', '2025-08-24 08:26:20.000000'),
	('BKJKXGMQDIH7', 'PHONE', 'COMPLETED', '2025-12-12 07:06:53.000000', '2025-12-17 07:06:53.000000', 'doquanghuy@gmail.com', 'Đỗ Quang Huy', '0972345618', '2025-12-07 07:06:53.000000', 400000, 0, 5, '', b'1', 0, 600000, 3000000, 3640000, '2025-12-17 07:06:53.000000', 240000, 'USX8Y4Z3M0F', 'USX8Y4Z3M0F', 'RM11', 'USX8Y4Z3M0F', '2025-12-12 07:06:53.000000', '2025-12-17 07:06:53.000000'),
	('BKJPFBC3097Z', 'ONLINE', 'COMPLETED', '2025-12-07 17:07:20.000000', '2025-12-10 17:07:20.000000', 'buiductuan@gmail.com', 'Bùi Đức Tuấn', '0359123478', '2025-12-05 17:07:20.000000', 550000, 0, 3, '', b'1', 0, 850000, 2550000, 3304000, '2025-12-10 17:07:20.000000', 204000, 'US0M4A8Y7KD', 'US0M4A8Y7KD', 'RM21', 'US0M4A8Y7KD', '2025-12-07 17:07:20.000000', '2025-12-10 17:07:20.000000'),
	('BKK4EAJFOVNX', 'ONLINE', 'COMPLETED', '2026-01-12 16:17:18.000000', '2026-01-16 16:17:18.000000', 'buiductuan@gmail.com', 'Bùi Đức Tuấn', '0359123478', '2026-01-08 16:17:18.000000', 0, 0, 4, '', b'1', 0, 600000, 2400000, 2592000, '2026-01-16 16:17:18.000000', 192000, 'US0M4A8Y7KD', 'US0M4A8Y7KD', 'RM2', 'US0M4A8Y7KD', '2026-01-12 16:17:18.000000', '2026-01-16 16:17:18.000000'),
	('BKKC9TBUAS90', 'PHONE', 'COMPLETED', '2025-10-09 12:47:54.000000', '2025-10-12 12:47:54.000000', 'phamthanhtri0712@gmail.com', 'Phạm Thành Trí', '0398694435', '2025-09-28 12:47:54.000000', 260000, 100000, 3, '', b'1', 0, 850000, 2550000, 2906000, '2025-10-12 12:47:54.000000', 196000, 'USFQY6HBNFMX', 'USFQY6HBNFMX', 'RM14', 'USFQY6HBNFMX', '2025-10-09 12:47:54.000000', '2025-10-12 12:47:54.000000'),
	('BKKOVUC315N9', 'ONLINE', 'COMPLETED', '2025-07-17 15:49:36.000000', '2025-07-20 15:49:36.000000', 'hoangquocviet@gmail.com', 'Hoàng Quốc Việt', '0978123456', '2025-07-13 15:49:36.000000', 0, 0, 3, '', b'1', 200000, 850000, 2550000, 2538000, '2025-07-20 15:49:36.000000', 188000, 'US6C9B2VYAF', 'US6C9B2VYAF', 'RM19', 'US6C9B2VYAF', '2025-07-17 15:49:36.000000', '2025-07-20 15:49:36.000000'),
	('BKKSBG6T3BHX', 'FRONT_DESK', 'COMPLETED', '2025-10-16 16:29:47.000000', '2025-10-17 16:29:47.000000', 'nguyenhuutu@gmail.com', 'Nguyễn Hữu Tú', '0987123456', '2025-10-14 16:29:47.000000', 0, 0, 1, '', b'1', 0, 1100000, 1100000, 972000, '2025-10-17 16:29:47.000000', 72000, 'USM2X8QZ6E5', 'USM2X8QZ6E5', 'RM26', 'USM2X8QZ6E5', '2025-10-16 16:29:47.000000', '2025-10-17 16:29:47.000000'),
	('BKKXC5EGTINE', 'ONLINE', 'COMPLETED', '2025-12-23 12:41:31.000000', '2025-12-28 12:41:31.000000', 'buiductuan@gmail.com', 'Bùi Đức Tuấn', '0359123478', '2025-12-14 12:41:31.000000', 1105000, 0, 5, '', b'1', 0, 850000, 4250000, 5695000, '2025-12-28 12:41:31.000000', 340000, 'US0M4A8Y7KD', 'US0M4A8Y7KD', 'RM20', 'US0M4A8Y7KD', '2025-12-23 12:41:31.000000', '2025-12-28 12:41:31.000000'),
	('BKKZF0LDVASD', 'ONLINE', 'COMPLETED', '2025-07-16 07:39:31.000000', '2025-07-17 07:39:31.000000', 'nguyenhuutu@gmail.com', 'Nguyễn Hữu Tú', '0987123456', '2025-07-05 07:39:31.000000', 200000, 0, 1, '', b'1', 0, 2100000, 2100000, 2468000, '2025-07-17 07:39:31.000000', 168000, 'USM2X8QZ6E5', 'USM2X8QZ6E5', 'RM40', 'USM2X8QZ6E5', '2025-07-16 07:39:31.000000', '2025-07-17 07:39:31.000000'),
	('BKLFFCCZT0FK', 'PHONE', 'COMPLETED', '2025-08-22 22:27:23.000000', '2025-08-24 22:27:23.000000', 'dangthithao@gmail.com', 'Đặng Thị Thảo', '0384567891', '2025-08-10 22:27:23.000000', 0, 0, 2, '', b'1', 0, 2000000, 4000000, 4320000, '2025-08-24 22:27:23.000000', 320000, 'USL3H8RZ6NQ', 'USL3H8RZ6NQ', 'RM31', 'USL3H8RZ6NQ', '2025-08-22 22:27:23.000000', '2025-08-24 22:27:23.000000'),
	('BKLKUF1VL5CQ', 'PHONE', 'COMPLETED', '2025-08-07 03:31:46.000000', '2025-08-11 03:31:46.000000', 'phamngocanh@gmail.com', 'Phạm Ngọc Anh', '0909123786', '2025-07-30 03:31:46.000000', 980000, 600000, 4, '', b'1', 0, 1100000, 4400000, 5084000, '2025-08-11 03:31:46.000000', 304000, 'US7W3JZ4E2Q', 'US7W3JZ4E2Q', 'RM30', 'US7W3JZ4E2Q', '2025-08-07 03:31:46.000000', '2025-08-11 03:31:46.000000'),
	('BKLWFN3O0VXR', 'PHONE', 'COMPLETED', '2025-10-01 06:16:20.000000', '2025-10-04 06:16:20.000000', 'havannguyen@gmail.com', 'Hà Văn Nguyên', '03652648261', '2025-09-17 06:16:20.000000', 0, 100000, 3, '', b'1', 0, 1800000, 5400000, 5724000, '2025-10-04 06:16:20.000000', 424000, 'USGMJFNCHDU5', 'USGMJFNCHDU5', 'RM38', 'USGMJFNCHDU5', '2025-10-01 06:16:20.000000', '2025-10-04 06:16:20.000000'),
	('BKM79BQJ0S7R', 'ONLINE', 'COMPLETED', '2025-06-22 23:25:42.000000', '2025-06-25 23:25:42.000000', 'dothithu@gmail.com', 'Đỗ Thị Thu', '0389123456', '2025-06-13 23:25:42.000000', 725000, 0, 3, '', b'1', 0, 1100000, 3300000, 4289000, '2025-06-25 23:25:42.000000', 264000, 'US4Q8M7RZKA', 'US4Q8M7RZKA', 'RM30', 'US4Q8M7RZKA', '2025-06-22 23:25:42.000000', '2025-06-25 23:25:42.000000'),
	('BKM9KYYP5VM4', 'PHONE', 'COMPLETED', '2025-10-08 05:56:39.000000', '2025-10-12 05:56:39.000000', 'dangthithao@gmail.com', 'Đặng Thị Thảo', '0384567891', '2025-10-07 05:56:39.000000', 20000, 0, 4, '', b'1', 0, 1100000, 4400000, 4772000, '2025-10-12 05:56:39.000000', 352000, 'USL3H8RZ6NQ', 'USL3H8RZ6NQ', 'RM26', 'USL3H8RZ6NQ', '2025-10-08 05:56:39.000000', '2025-10-12 05:56:39.000000'),
	('BKMBOD8ACTLF', 'FRONT_DESK', 'CANCELLED', '2025-07-21 06:00:38.000000', '2025-07-26 06:00:38.000000', 'nguyenkhanhly@gmail.com', 'Nguyễn Khánh Ly', '0398123456', '2025-07-18 06:00:38.000000', 0, 0, 5, '', b'0', 0, 2100000, 10500000, 11340000, '2025-07-21 06:00:38.000000', 840000, 'USQ7M4Z8R3A', 'USQ7M4Z8R3A', 'RM42', 'USQ7M4Z8R3A', NULL, NULL),
	('BKMCCO7EUJ6F', 'PHONE', 'NO_SHOW', '2025-07-08 08:25:14.000000', '2025-07-09 08:25:14.000000', 'nguyenthanhdat@gmail.com', 'Nguyễn Thành Đạt', '0904567893', '2025-06-27 08:25:14.000000', 0, 0, 1, '', b'1', 0, 600000, 600000, 648000, '2025-07-08 08:25:14.000000', 48000, 'US5E9C2XHRA', 'US5E9C2XHRA', 'RM5', 'US5E9C2XHRA', NULL, NULL),
	('BKN14VRNF4SB', 'PHONE', 'CANCELLED', '2025-08-01 05:34:23.000000', '2025-08-04 05:34:23.000000', 'danghoangphu@gmail.com', 'Đặng Hoàng Phú', '0938124567', '2025-07-24 05:34:23.000000', 0, 0, 3, '', b'0', 0, 850000, 2550000, 2754000, '2025-08-01 05:34:23.000000', 204000, 'US8MZQK7R4A', 'US8MZQK7R4A', 'RM22', 'US8MZQK7R4A', NULL, NULL),
	('BKNFDUKLGM76', 'ONLINE', 'COMPLETED', '2025-07-06 06:01:31.000000', '2025-07-09 06:01:31.000000', 'nguyenkhanhly@gmail.com', 'Nguyễn Khánh Ly', '0398123456', '2025-06-30 06:01:31.000000', 215000, 0, 3, '', b'1', 0, 2000000, 6000000, 6695000, '2025-07-09 06:01:31.000000', 480000, 'USQ7M4Z8R3A', 'USQ7M4Z8R3A', 'RM33', 'USQ7M4Z8R3A', '2025-07-06 06:01:31.000000', '2025-07-09 06:01:31.000000'),
	('BKNKSYPYVKYP', 'PHONE', 'COMPLETED', '2025-09-23 20:25:38.000000', '2025-09-25 20:25:38.000000', 'doquanghuy@gmail.com', 'Đỗ Quang Huy', '0972345618', '2025-09-22 20:25:38.000000', 390000, 0, 2, '', b'1', 0, 850000, 1700000, 2226000, '2025-09-25 20:25:38.000000', 136000, 'USX8Y4Z3M0F', 'USX8Y4Z3M0F', 'RM20', 'USX8Y4Z3M0F', '2025-09-23 20:25:38.000000', '2025-09-25 20:25:38.000000'),
	('BKNS86ADP369', 'FRONT_DESK', 'COMPLETED', '2025-10-03 15:12:52.000000', '2025-10-06 15:12:52.000000', 'phamthilan@gmail.com', 'Phạm Thị Lan', '0912345678', '2025-09-19 15:12:52.000000', 0, 0, 3, '', b'1', 0, 850000, 2550000, 2754000, '2025-10-06 15:12:52.000000', 204000, 'USQW8T5E1RZ', 'USQW8T5E1RZ', 'RM13', 'USQW8T5E1RZ', '2025-10-03 15:12:52.000000', '2025-10-06 15:12:52.000000'),
	('BKNU3CNPSH8I', 'PHONE', 'COMPLETED', '2025-08-09 04:24:36.000000', '2025-08-14 04:24:36.000000', 'lethanhtrung@gmail.com', 'Lê Thanh Trung', '0968123457', '2025-08-04 04:24:36.000000', 0, 0, 5, '', b'1', 0, 600000, 3000000, 3240000, '2025-08-14 04:24:36.000000', 240000, 'US0KX7M9Q3E', 'US0KX7M9Q3E', 'RM6', 'US0KX7M9Q3E', '2025-08-09 04:24:36.000000', '2025-08-14 04:24:36.000000'),
	('BKO06RMA4UVF', 'FRONT_DESK', 'COMPLETED', '2026-01-06 06:21:00.000000', '2026-01-09 06:21:00.000000', 'vuhoanglong@gmail.com', 'Vũ Hoàng Long', '0945678123', '2026-01-04 06:21:00.000000', 365000, 0, 3, '', b'1', 0, 2100000, 6300000, 7169000, '2026-01-09 06:21:00.000000', 504000, 'USFQZ8R3V9A', 'USFQZ8R3V9A', 'RM40', 'USFQZ8R3V9A', '2026-01-06 06:21:00.000000', '2026-01-09 06:21:00.000000'),
	('BKO1ZEW386XN', 'ONLINE', 'CANCELLED', '2025-06-21 01:56:14.000000', '2025-06-23 01:56:14.000000', 'vuhoanglong@gmail.com', 'Vũ Hoàng Long', '0945678123', '2025-06-20 01:56:14.000000', 0, 0, 2, '', b'0', 0, 600000, 1200000, 1296000, '2025-06-21 01:56:14.000000', 96000, 'USFQZ8R3V9A', 'USFQZ8R3V9A', 'RM7', 'USFQZ8R3V9A', NULL, NULL),
	('BKO4FI54DX68', 'FRONT_DESK', 'COMPLETED', '2025-08-03 01:14:08.000000', '2025-08-04 01:14:08.000000', 'trandoanthang@gmail.com', 'Trần Đoan Thắng', '0903457819', '2025-07-21 01:14:08.000000', 60000, 0, 1, '', b'1', 0, 600000, 600000, 708000, '2025-08-04 01:14:08.000000', 48000, 'US5RZ8Q0MKA', 'US5RZ8Q0MKA', 'RM2', 'US5RZ8Q0MKA', '2025-08-03 01:14:08.000000', '2025-08-04 01:14:08.000000'),
	('BKO6NZ9X1Y4Z', 'FRONT_DESK', 'COMPLETED', '2025-06-27 22:15:09.000000', '2025-06-28 22:15:09.000000', 'buiductuan@gmail.com', 'Bùi Đức Tuấn', '0359123478', '2025-06-16 22:15:09.000000', 0, 0, 1, '', b'1', 0, 1800000, 1800000, 1944000, '2025-06-28 22:15:09.000000', 144000, 'US0M4A8Y7KD', 'US0M4A8Y7KD', 'RM39', 'US0M4A8Y7KD', '2025-06-27 22:15:09.000000', '2025-06-28 22:15:09.000000'),
	('BKOEL94JQ5SJ', 'FRONT_DESK', 'COMPLETED', '2025-07-31 22:49:57.000000', '2025-08-05 22:49:57.000000', 'levanminh@gmail.com', 'Lê Văn Minh', '0983456721', '2025-07-22 22:49:57.000000', 0, 0, 5, '', b'1', 0, 600000, 3000000, 3240000, '2025-08-05 22:49:57.000000', 240000, 'USM7A9JX2KD', 'USM7A9JX2KD', 'RM5', 'USM7A9JX2KD', '2025-07-31 22:49:57.000000', '2025-08-05 22:49:57.000000'),
	('BKOFUBWR56P4', 'PHONE', 'COMPLETED', '2026-01-14 10:31:18.000000', '2026-01-15 10:31:18.000000', 'buiductuan@gmail.com', 'Bùi Đức Tuấn', '0359123478', '2026-01-06 10:31:18.000000', 0, 0, 1, '', b'1', 0, 1100000, 1100000, 1188000, '2026-01-15 10:31:18.000000', 88000, 'US0M4A8Y7KD', 'US0M4A8Y7KD', 'RM25', 'US0M4A8Y7KD', '2026-01-14 10:31:18.000000', '2026-01-15 10:31:18.000000'),
	('BKOKI5L1TSVN', 'ONLINE', 'COMPLETED', '2025-12-13 08:55:16.000000', '2025-12-16 08:55:16.000000', 'vovanphuc@gmail.com', 'Võ Văn Phúc', '0973456128', '2025-12-10 08:55:16.000000', 0, 0, 3, '', b'1', 0, 1100000, 3300000, 3564000, '2025-12-16 08:55:16.000000', 264000, 'US3Z9A5E4RM', 'US3Z9A5E4RM', 'RM28', 'US3Z9A5E4RM', '2025-12-13 08:55:16.000000', '2025-12-16 08:55:16.000000'),
	('BKOQPUEQTVQG', 'FRONT_DESK', 'NO_SHOW', '2025-06-15 14:20:48.000000', '2025-06-19 14:20:48.000000', 'nguyenkhanhly@gmail.com', 'Nguyễn Khánh Ly', '0398123456', '2025-06-12 14:20:48.000000', 0, 0, 4, '', b'1', 0, 1800000, 7200000, 7776000, '2025-06-15 14:20:48.000000', 576000, 'USQ7M4Z8R3A', 'USQ7M4Z8R3A', 'RM37', 'USQ7M4Z8R3A', NULL, NULL),
	('BKOSFZMM4153', 'PHONE', 'CANCELLED', '2025-10-25 14:51:21.000000', '2025-10-27 14:51:21.000000', 'buiductuan@gmail.com', 'Bùi Đức Tuấn', '0359123478', '2025-10-13 14:51:21.000000', 0, 200000, 2, '', b'1', 0, 2000000, 4000000, 4104000, '2025-10-25 14:51:21.000000', 304000, 'US0M4A8Y7KD', 'US0M4A8Y7KD', 'RM33', 'US0M4A8Y7KD', NULL, NULL),
	('BKOSZRAPR6CR', 'FRONT_DESK', 'COMPLETED', '2025-09-25 00:04:20.000000', '2025-09-29 00:04:20.000000', 'hoangquocviet@gmail.com', 'Hoàng Quốc Việt', '0978123456', '2025-09-22 00:04:20.000000', 415000, 0, 4, '', b'1', 0, 2100000, 8400000, 9487000, '2025-09-29 00:04:20.000000', 672000, 'US6C9B2VYAF', 'US6C9B2VYAF', 'RM41', 'US6C9B2VYAF', '2025-09-25 00:04:20.000000', '2025-09-29 00:04:20.000000'),
	('BKOUZRJ33FUG', 'PHONE', 'NO_SHOW', '2025-09-07 19:39:09.000000', '2025-09-12 19:39:09.000000', 'hoangthanhson@gmail.com', 'Hoàng Thanh Sơn', '0934567812', '2025-08-29 19:39:09.000000', 0, 0, 5, '', b'1', 0, 600000, 3000000, 3240000, '2025-09-07 19:39:09.000000', 240000, 'US5A9Z0FQ3M', 'US5A9Z0FQ3M', 'RM11', 'US5A9Z0FQ3M', NULL, NULL),
	('BKOV097HV6HD', 'PHONE', 'COMPLETED', '2025-08-04 19:30:03.000000', '2025-08-08 19:30:03.000000', 'vuhoanglong@gmail.com', 'Vũ Hoàng Long', '0945678123', '2025-07-31 19:30:03.000000', 0, 0, 4, '', b'1', 0, 850000, 3400000, 3672000, '2025-08-08 19:30:03.000000', 272000, 'USFQZ8R3V9A', 'USFQZ8R3V9A', 'RM14', 'USFQZ8R3V9A', '2025-08-04 19:30:03.000000', '2025-08-08 19:30:03.000000'),
	('BKOVG1U0X2ZJ', 'FRONT_DESK', 'COMPLETED', '2025-10-10 20:52:53.000000', '2025-10-13 20:52:53.000000', 'hoangquocviet@gmail.com', 'Hoàng Quốc Việt', '0978123456', '2025-10-05 20:52:53.000000', 725000, 0, 3, '', b'1', 0, 600000, 1800000, 2669000, '2025-10-13 20:52:53.000000', 144000, 'US6C9B2VYAF', 'US6C9B2VYAF', 'RM7', 'US6C9B2VYAF', '2025-10-10 20:52:53.000000', '2025-10-13 20:52:53.000000'),
	('BKOXPPRYCH9J', 'FRONT_DESK', 'COMPLETED', '2025-11-16 14:07:17.000000', '2025-11-18 14:07:17.000000', 'tranminhquan@gmail.com', 'Trần Minh Quân', '0978912345', '2025-11-09 14:07:17.000000', 0, 0, 2, '', b'1', 0, 600000, 1200000, 1296000, '2025-11-18 14:07:17.000000', 96000, 'US9X5V0N8KA', 'US9X5V0N8KA', 'RM8', 'US9X5V0N8KA', '2025-11-16 14:07:17.000000', '2025-11-18 14:07:17.000000'),
	('BKPBM8CC9AXT', 'PHONE', 'NO_SHOW', '2025-12-06 21:28:59.000000', '2025-12-08 21:28:59.000000', 'dothithu@gmail.com', 'Đỗ Thị Thu', '0389123456', '2025-12-04 21:28:59.000000', 0, 0, 2, '', b'1', 600000, 850000, 1700000, 1188000, '2025-12-06 21:28:59.000000', 88000, 'US4Q8M7RZKA', 'US4Q8M7RZKA', 'RM24', 'US4Q8M7RZKA', NULL, NULL),
	('BKPGDS27CIYN', 'PHONE', 'COMPLETED', '2025-10-18 04:09:39.000000', '2025-10-20 04:09:39.000000', 'danghoangphu@gmail.com', 'Đặng Hoàng Phú', '0938124567', '2025-10-04 04:09:39.000000', 0, 0, 2, '', b'1', 0, 1800000, 3600000, 3888000, '2025-10-20 04:09:39.000000', 288000, 'US8MZQK7R4A', 'US8MZQK7R4A', 'RM38', 'US8MZQK7R4A', '2025-10-18 04:09:39.000000', '2025-10-20 04:09:39.000000'),
	('BKPGOOR6UP00', 'ONLINE', 'COMPLETED', '2025-09-08 01:28:45.000000', '2025-09-12 01:28:45.000000', 'dothithu@gmail.com', 'Đỗ Thị Thu', '0389123456', '2025-09-05 01:28:45.000000', 0, 0, 4, '', b'1', 0, 1100000, 4400000, 4752000, '2025-09-12 01:28:45.000000', 352000, 'US4Q8M7RZKA', 'US4Q8M7RZKA', 'RM29', 'US4Q8M7RZKA', '2025-09-08 01:28:45.000000', '2025-09-12 01:28:45.000000'),
	('BKPITHYH394J', 'ONLINE', 'COMPLETED', '2025-07-26 07:49:36.000000', '2025-07-28 07:49:36.000000', 'hoangthanhson@gmail.com', 'Hoàng Thanh Sơn', '0934567812', '2025-07-25 07:49:36.000000', 15000, 0, 2, '', b'1', 0, 850000, 1700000, 1851000, '2025-07-28 07:49:36.000000', 136000, 'US5A9Z0FQ3M', 'US5A9Z0FQ3M', 'RM17', 'US5A9Z0FQ3M', '2025-07-26 07:49:36.000000', '2025-07-28 07:49:36.000000'),
	('BKPK5ACKJ3N2', 'ONLINE', 'CANCELLED', '2025-06-17 15:00:22.000000', '2025-06-18 15:00:22.000000', 'tranthimy@gmail.com', 'Trần Thị My', '0963457812', '2025-06-16 15:00:22.000000', 0, 0, 1, '', b'0', 0, 600000, 600000, 648000, '2025-06-17 15:00:22.000000', 48000, 'US8JZ5VXR4M', 'US8JZ5VXR4M', 'RM4', 'US8JZ5VXR4M', NULL, NULL),
	('BKPVC0P7LLUI', 'ONLINE', 'COMPLETED', '2025-07-13 18:13:59.000000', '2025-07-15 18:13:59.000000', 'trandoanthang@gmail.com', 'Trần Đoan Thắng', '0903457819', '2025-07-07 18:13:59.000000', 570000, 0, 2, '', b'1', 0, 1100000, 2200000, 2946000, '2025-07-15 18:13:59.000000', 176000, 'US5RZ8Q0MKA', 'US5RZ8Q0MKA', 'RM25', 'US5RZ8Q0MKA', '2025-07-13 18:13:59.000000', '2025-07-15 18:13:59.000000'),
	('BKQ2F2T5HSLQ', 'FRONT_DESK', 'CANCELLED', '2025-12-26 15:30:37.000000', '2025-12-28 15:30:37.000000', 'buiductuan@gmail.com', 'Bùi Đức Tuấn', '0359123478', '2025-12-20 15:30:37.000000', 0, 0, 2, '', b'0', 0, 600000, 1200000, 1296000, '2025-12-26 15:30:37.000000', 96000, 'US0M4A8Y7KD', 'US0M4A8Y7KD', 'RM1', 'US0M4A8Y7KD', NULL, NULL),
	('BKQHQD90C69X', 'FRONT_DESK', 'NO_SHOW', '2026-01-04 11:41:46.000000', '2026-01-08 11:41:46.000000', 'hoangquocviet@gmail.com', 'Hoàng Quốc Việt', '0978123456', '2025-12-25 11:41:46.000000', 0, 0, 4, '', b'1', 0, 850000, 3400000, 3672000, '2026-01-04 11:41:46.000000', 272000, 'US6C9B2VYAF', 'US6C9B2VYAF', 'RM17', 'US6C9B2VYAF', NULL, NULL),
	('BKQJTEL79NKA', 'FRONT_DESK', 'COMPLETED', '2025-11-11 05:40:04.000000', '2025-11-16 05:40:04.000000', 'lethihong@gmail.com', 'Lê Thị Hồng', '0394567123', '2025-11-06 05:40:04.000000', 0, 0, 5, '', b'1', 0, 600000, 3000000, 3240000, '2025-11-16 05:40:04.000000', 240000, 'US2A6KQW5H9', 'US2A6KQW5H9', 'RM2', 'US2A6KQW5H9', '2025-11-11 05:40:04.000000', '2025-11-16 05:40:04.000000'),
	('BKQP6A69IVC9', 'PHONE', 'CANCELLED', '2025-06-15 20:09:44.000000', '2025-06-18 20:09:44.000000', 'vovanphuc@gmail.com', 'Võ Văn Phúc', '0973456128', '2025-06-03 20:09:44.000000', 0, 0, 3, '', b'0', 0, 600000, 1800000, 1944000, '2025-06-15 20:09:44.000000', 144000, 'US3Z9A5E4RM', 'US3Z9A5E4RM', 'RM10', 'US3Z9A5E4RM', NULL, NULL),
	('BKQVGLR7R2J6', 'ONLINE', 'COMPLETED', '2025-07-26 03:26:34.000000', '2025-07-29 03:26:34.000000', 'vuhoanglong@gmail.com', 'Vũ Hoàng Long', '0945678123', '2025-07-14 03:26:34.000000', 150000, 0, 3, '', b'1', 0, 1100000, 3300000, 3714000, '2025-07-29 03:26:34.000000', 264000, 'USFQZ8R3V9A', 'USFQZ8R3V9A', 'RM27', 'USFQZ8R3V9A', '2025-07-26 03:26:34.000000', '2025-07-29 03:26:34.000000'),
	('BKR3HRJYDSWP', 'ONLINE', 'COMPLETED', '2026-01-02 17:40:22.000000', '2026-01-03 17:40:22.000000', 'hoangthanhson@gmail.com', 'Hoàng Thanh Sơn', '0934567812', '2025-12-30 17:40:22.000000', 160000, 0, 1, '', b'1', 0, 1100000, 1100000, 1348000, '2026-01-03 17:40:22.000000', 88000, 'US5A9Z0FQ3M', 'US5A9Z0FQ3M', 'RM28', 'US5A9Z0FQ3M', '2026-01-02 17:40:22.000000', '2026-01-03 17:40:22.000000'),
	('BKREOD9YGMWG', 'ONLINE', 'NO_SHOW', '2025-06-20 01:54:59.000000', '2025-06-23 01:54:59.000000', 'doquanghuy@gmail.com', 'Đỗ Quang Huy', '0972345618', '2025-06-06 01:54:59.000000', 0, 0, 3, '', b'1', 100000, 600000, 1800000, 1836000, '2025-06-20 01:54:59.000000', 136000, 'USX8Y4Z3M0F', 'USX8Y4Z3M0F', 'RM2', 'USX8Y4Z3M0F', NULL, NULL),
	('BKS9104Q8PQA', 'FRONT_DESK', 'COMPLETED', '2025-07-12 05:14:51.000000', '2025-07-16 05:14:51.000000', 'tranthimy@gmail.com', 'Trần Thị My', '0963457812', '2025-07-04 05:14:51.000000', 0, 0, 4, '', b'1', 0, 600000, 2400000, 2592000, '2025-07-16 05:14:51.000000', 192000, 'US8JZ5VXR4M', 'US8JZ5VXR4M', 'RM10', 'US8JZ5VXR4M', '2025-07-12 05:14:51.000000', '2025-07-16 05:14:51.000000'),
	('BKSARQU95BW8', 'PHONE', 'COMPLETED', '2025-11-28 00:36:19.000000', '2025-11-30 00:36:19.000000', 'phamquangvinh@gmail.com', 'Phạm Quang Vinh', '0948123675', '2025-11-20 00:36:19.000000', 0, 0, 2, '', b'1', 0, 1100000, 2200000, 2376000, '2025-11-30 00:36:19.000000', 176000, 'US6Z8FQ1XRM', 'US6Z8FQ1XRM', 'RM29', 'US6Z8FQ1XRM', '2025-11-28 00:36:19.000000', '2025-11-30 00:36:19.000000'),
	('BKSF4VY6OOB7', 'PHONE', 'NO_SHOW', '2026-01-10 22:40:57.000000', '2026-01-12 22:40:57.000000', 'lethihong@gmail.com', 'Lê Thị Hồng', '0394567123', '2025-12-27 22:40:57.000000', 0, 0, 2, '', b'0', 0, 1100000, 2200000, 2376000, '2026-01-10 22:40:57.000000', 176000, 'US2A6KQW5H9', 'US2A6KQW5H9', 'RM26', 'US2A6KQW5H9', NULL, NULL),
	('BKSIA1YBPV7B', 'FRONT_DESK', 'CANCELLED', '2025-09-05 10:25:27.000000', '2025-09-08 10:25:27.000000', 'phamthanhtri0712@gmail.com', 'Phạm Thành Trí', '0398694435', '2025-08-23 10:25:27.000000', 0, 0, 3, '', b'0', 0, 1800000, 5400000, 5832000, '2025-09-05 10:25:27.000000', 432000, 'USFQY6HBNFMX', 'USFQY6HBNFMX', 'RM39', 'USFQY6HBNFMX', NULL, NULL),
	('BKSJ1D1REI3K', 'ONLINE', 'COMPLETED', '2025-10-26 22:05:15.000000', '2025-10-27 22:05:15.000000', 'trandoanthang@gmail.com', 'Trần Đoan Thắng', '0903457819', '2025-10-12 22:05:15.000000', 0, 200000, 1, '', b'1', 0, 2300000, 2300000, 2268000, '2025-10-27 22:05:15.000000', 168000, 'US5RZ8Q0MKA', 'US5RZ8Q0MKA', 'RM35', 'US5RZ8Q0MKA', '2025-10-26 22:05:15.000000', '2025-10-27 22:05:15.000000'),
	('BKSS5C487VC7', 'PHONE', 'COMPLETED', '2025-09-02 11:41:32.000000', '2025-09-04 11:41:32.000000', 'danghoangphu@gmail.com', 'Đặng Hoàng Phú', '0938124567', '2025-08-25 11:41:32.000000', 0, 0, 2, '', b'1', 0, 1800000, 3600000, 3888000, '2025-09-04 11:41:32.000000', 288000, 'US8MZQK7R4A', 'US8MZQK7R4A', 'RM37', 'US8MZQK7R4A', '2025-09-02 11:41:32.000000', '2025-09-04 11:41:32.000000'),
	('BKSTG6MDRR4W', 'PHONE', 'COMPLETED', '2025-07-22 19:06:05.000000', '2025-07-23 19:06:05.000000', 'vovanphuc@gmail.com', 'Võ Văn Phúc', '0973456128', '2025-07-11 19:06:05.000000', 0, 0, 1, '', b'1', 0, 1100000, 1100000, 1188000, '2025-07-23 19:06:05.000000', 88000, 'US3Z9A5E4RM', 'US3Z9A5E4RM', 'RM30', 'US3Z9A5E4RM', '2025-07-22 19:06:05.000000', '2025-07-23 19:06:05.000000'),
	('BKT4E2T24NM6', 'ONLINE', 'COMPLETED', '2025-08-23 16:04:21.000000', '2025-08-27 16:04:21.000000', 'tranminhquan@gmail.com', 'Trần Minh Quân', '0978912345', '2025-08-12 16:04:21.000000', 365000, 0, 4, '', b'1', 0, 850000, 3400000, 4037000, '2025-08-27 16:04:21.000000', 272000, 'US9X5V0N8KA', 'US9X5V0N8KA', 'RM21', 'US9X5V0N8KA', '2025-08-23 16:04:21.000000', '2025-08-27 16:04:21.000000'),
	('BKU1K8LL9SCM', 'ONLINE', 'CANCELLED', '2025-09-24 20:38:23.000000', '2025-09-26 20:38:23.000000', 'lethihong@gmail.com', 'Lê Thị Hồng', '0394567123', '2025-09-16 20:38:23.000000', 0, 0, 2, '', b'0', 600000, 850000, 1700000, 1188000, '2025-09-24 20:38:23.000000', 88000, 'US2A6KQW5H9', 'US2A6KQW5H9', 'RM16', 'US2A6KQW5H9', NULL, NULL),
	('BKUBH61834YG', 'FRONT_DESK', 'COMPLETED', '2025-07-30 11:11:52.000000', '2025-08-01 11:11:52.000000', 'buitrongnghia@gmail.com', 'Bùi Trọng Nghĩa', '0978123945', '2025-07-27 11:11:52.000000', 0, 0, 2, '', b'1', 0, 850000, 1700000, 1836000, '2025-08-01 11:11:52.000000', 136000, 'US4RZ8Q9MKA', 'US4RZ8Q9MKA', 'RM24', 'US4RZ8Q9MKA', '2025-07-30 11:11:52.000000', '2025-08-01 11:11:52.000000'),
	('BKUI92ORHKW0', 'ONLINE', 'COMPLETED', '2025-06-16 19:06:52.000000', '2025-06-19 19:06:52.000000', 'tranthimy@gmail.com', 'Trần Thị My', '0963457812', '2025-06-05 19:06:52.000000', 260000, 0, 3, '', b'1', 0, 600000, 1800000, 2204000, '2025-06-19 19:06:52.000000', 144000, 'US8JZ5VXR4M', 'US8JZ5VXR4M', 'RM12', 'US8JZ5VXR4M', '2025-06-16 19:06:52.000000', '2025-06-19 19:06:52.000000'),
	('BKUJAZELKIPL', 'PHONE', 'COMPLETED', '2025-07-02 22:13:17.000000', '2025-07-05 22:13:17.000000', 'levanminh@gmail.com', 'Lê Văn Minh', '0983456721', '2025-06-25 22:13:17.000000', 0, 0, 3, '', b'1', 0, 850000, 2550000, 2754000, '2025-07-05 22:13:17.000000', 204000, 'USM7A9JX2KD', 'USM7A9JX2KD', 'RM15', 'USM7A9JX2KD', '2025-07-02 22:13:17.000000', '2025-07-05 22:13:17.000000'),
	('BKUJN6N9GCUB', 'PHONE', 'COMPLETED', '2026-01-04 06:00:58.000000', '2026-01-08 06:00:58.000000', 'lethanhtrung@gmail.com', 'Lê Thanh Trung', '0968123457', '2026-01-01 06:00:58.000000', 0, 0, 4, '', b'1', 0, 1100000, 4400000, 4752000, '2026-01-08 06:00:58.000000', 352000, 'US0KX7M9Q3E', 'US0KX7M9Q3E', 'RM26', 'US0KX7M9Q3E', '2026-01-04 06:00:58.000000', '2026-01-08 06:00:58.000000'),
	('BKUU3GEEIGJX', 'ONLINE', 'CANCELLED', '2025-09-27 18:03:09.000000', '2025-09-29 18:03:09.000000', 'phamthanhtri0712@gmail.com', 'Phạm Thành Trí', '0398694435', '2025-09-21 18:03:09.000000', 0, 0, 2, '', b'1', 0, 600000, 1200000, 1296000, '2025-09-27 18:03:09.000000', 96000, 'USFQY6HBNFMX', 'USFQY6HBNFMX', 'RM10', 'USFQY6HBNFMX', NULL, NULL),
	('BKV0JB9AKCSL', 'PHONE', 'CANCELLED', '2025-07-01 09:07:49.000000', '2025-07-04 09:07:49.000000', 'tranthimy@gmail.com', 'Trần Thị My', '0963457812', '2025-06-25 09:07:49.000000', 0, 0, 3, '', b'0', 0, 600000, 1800000, 1944000, '2025-07-01 09:07:49.000000', 144000, 'US8JZ5VXR4M', 'US8JZ5VXR4M', 'RM4', 'US8JZ5VXR4M', NULL, NULL),
	('BKV7VSZFIANA', 'ONLINE', 'CANCELLED', '2025-06-18 09:29:36.000000', '2025-06-23 09:29:36.000000', 'danghoangphu@gmail.com', 'Đặng Hoàng Phú', '0938124567', '2025-06-14 09:29:36.000000', 0, 0, 5, '', b'1', 0, 850000, 4250000, 3942000, '2025-06-18 09:29:36.000000', 292000, 'US8MZQK7R4A', 'US8MZQK7R4A', 'RM17', 'US8MZQK7R4A', NULL, NULL),
	('BKV95RZ1O2KT', 'PHONE', 'COMPLETED', '2025-11-28 19:35:33.000000', '2025-12-02 19:35:33.000000', 'phamthilan@gmail.com', 'Phạm Thị Lan', '0912345678', '2025-11-17 19:35:33.000000', 0, 0, 4, '', b'1', 0, 2100000, 8400000, 9072000, '2025-12-02 19:35:33.000000', 672000, 'USQW8T5E1RZ', 'USQW8T5E1RZ', 'RM42', 'USQW8T5E1RZ', '2025-11-28 19:35:33.000000', '2025-12-02 19:35:33.000000'),
	('BKVFA1SL4AEC', 'ONLINE', 'COMPLETED', '2026-01-14 07:17:57.000000', '2026-01-15 07:17:57.000000', 'nguyenthanhdat@gmail.com', 'Nguyễn Thành Đạt', '0904567893', '2025-12-31 07:17:57.000000', 190000, 0, 1, '', b'1', 0, 600000, 600000, 622000, '2026-01-15 07:17:57.000000', 32000, 'US5E9C2XHRA', 'US5E9C2XHRA', 'RM5', 'US5E9C2XHRA', '2026-01-14 07:17:57.000000', '2026-01-15 07:17:57.000000'),
	('BKVGXKSF3B6E', 'PHONE', 'CANCELLED', '2025-09-15 21:26:40.000000', '2025-09-17 21:26:40.000000', 'tranthimy@gmail.com', 'Trần Thị My', '0963457812', '2025-09-13 21:26:40.000000', 0, 0, 2, '', b'1', 0, 1800000, 3600000, 3888000, '2025-09-15 21:26:40.000000', 288000, 'US8JZ5VXR4M', 'US8JZ5VXR4M', 'RM37', 'US8JZ5VXR4M', NULL, NULL),
	('BKVH773FKG66', 'ONLINE', 'COMPLETED', '2025-09-11 08:15:09.000000', '2025-09-14 08:15:09.000000', 'levanminh@gmail.com', 'Lê Văn Minh', '0983456721', '2025-08-29 08:15:09.000000', 830000, 0, 3, '', b'1', 0, 600000, 1800000, 2774000, '2025-09-14 08:15:09.000000', 144000, 'USM7A9JX2KD', 'USM7A9JX2KD', 'RM11', 'USM7A9JX2KD', '2025-09-11 08:15:09.000000', '2025-09-14 08:15:09.000000'),
	('BKVN3JI3GZVO', 'PHONE', 'COMPLETED', '2025-06-18 11:02:23.000000', '2025-06-21 11:02:23.000000', 'buitrongnghia@gmail.com', 'Bùi Trọng Nghĩa', '0978123945', '2025-06-16 11:02:23.000000', 400000, 0, 3, '', b'1', 0, 850000, 2550000, 3154000, '2025-06-21 11:02:23.000000', 204000, 'US4RZ8Q9MKA', 'US4RZ8Q9MKA', 'RM20', 'US4RZ8Q9MKA', '2025-06-18 11:02:23.000000', '2025-06-21 11:02:23.000000'),
	('BKVOV4W67W0A', 'FRONT_DESK', 'COMPLETED', '2025-08-09 12:08:14.000000', '2025-08-10 12:08:14.000000', 'nguyenhuutu@gmail.com', 'Nguyễn Hữu Tú', '0987123456', '2025-08-04 12:08:14.000000', 445000, 0, 1, '', b'1', 0, 850000, 850000, 1363000, '2025-08-10 12:08:14.000000', 68000, 'USM2X8QZ6E5', 'USM2X8QZ6E5', 'RM19', 'USM2X8QZ6E5', '2025-08-09 12:08:14.000000', '2025-08-10 12:08:14.000000'),
	('BKVS37HIPCNU', 'FRONT_DESK', 'COMPLETED', '2025-08-11 20:11:48.000000', '2025-08-15 20:11:48.000000', 'vuhoanglong@gmail.com', 'Vũ Hoàng Long', '0945678123', '2025-08-01 20:11:48.000000', 510000, 600000, 4, '', b'1', 0, 600000, 2400000, 2454000, '2025-08-15 20:11:48.000000', 144000, 'USFQZ8R3V9A', 'USFQZ8R3V9A', 'RM11', 'USFQZ8R3V9A', '2025-08-11 20:11:48.000000', '2025-08-15 20:11:48.000000'),
	('BKVVKU8J9X4K', 'PHONE', 'COMPLETED', '2025-10-24 17:12:49.000000', '2025-10-29 17:12:49.000000', 'lethanhtrung@gmail.com', 'Lê Thanh Trung', '0968123457', '2025-10-23 17:12:49.000000', 0, 0, 5, '', b'1', 0, 850000, 4250000, 4590000, '2025-10-29 17:12:49.000000', 340000, 'US0KX7M9Q3E', 'US0KX7M9Q3E', 'RM21', 'US0KX7M9Q3E', '2025-10-24 17:12:49.000000', '2025-10-29 17:12:49.000000'),
	('BKVWQA483GPS', 'ONLINE', 'COMPLETED', '2025-10-08 01:41:03.000000', '2025-10-13 01:41:03.000000', 'nguyenthilan@gmail.com', 'Nguyễn Thị Lan', '0912347896', '2025-10-07 01:41:03.000000', 0, 0, 5, '', b'1', 0, 1100000, 5500000, 5940000, '2025-10-13 01:41:03.000000', 440000, 'US8R6NQ2EZA', 'US8R6NQ2EZA', 'RM28', 'US8R6NQ2EZA', '2025-10-08 01:41:03.000000', '2025-10-13 01:41:03.000000'),
	('BKW0T2S4J86T', 'FRONT_DESK', 'COMPLETED', '2025-08-02 17:29:05.000000', '2025-08-06 17:29:05.000000', 'phamducthinh@gmail.com', 'Phạm Đức Thịnh', '0916782345', '2025-07-26 17:29:05.000000', 0, 0, 4, '', b'1', 0, 2100000, 8400000, 9072000, '2025-08-06 17:29:05.000000', 672000, 'US9D5E7K2RC', 'US9D5E7K2RC', 'RM41', 'US9D5E7K2RC', '2025-08-02 17:29:05.000000', '2025-08-06 17:29:05.000000'),
	('BKWSKXZ7928Z', 'PHONE', 'COMPLETED', '2025-12-21 22:32:23.000000', '2025-12-22 22:32:23.000000', 'nguyenthanhdat@gmail.com', 'Nguyễn Thành Đạt', '0904567893', '2025-12-10 22:32:23.000000', 325000, 0, 1, '', b'1', 0, 600000, 600000, 973000, '2025-12-22 22:32:23.000000', 48000, 'US5E9C2XHRA', 'US5E9C2XHRA', 'RM1', 'US5E9C2XHRA', '2025-12-21 22:32:23.000000', '2025-12-22 22:32:23.000000'),
	('BKWUQTNU14VV', 'ONLINE', 'COMPLETED', '2025-08-18 05:07:43.000000', '2025-08-22 05:07:43.000000', 'levanminh@gmail.com', 'Lê Văn Minh', '0983456721', '2025-08-04 05:07:43.000000', 845000, 0, 4, '', b'1', 0, 850000, 3400000, 4517000, '2025-08-22 05:07:43.000000', 272000, 'USM7A9JX2KD', 'USM7A9JX2KD', 'RM15', 'USM7A9JX2KD', '2025-08-18 05:07:43.000000', '2025-08-22 05:07:43.000000'),
	('BKWX6LA6GUZA', 'PHONE', 'NO_SHOW', '2025-10-07 10:47:27.000000', '2025-10-08 10:47:27.000000', 'lethihong@gmail.com', 'Lê Thị Hồng', '0394567123', '2025-09-24 10:47:27.000000', 0, 0, 1, '', b'1', 0, 600000, 600000, 648000, '2025-10-07 10:47:27.000000', 48000, 'US2A6KQW5H9', 'US2A6KQW5H9', 'RM12', 'US2A6KQW5H9', NULL, NULL),
	('BKWYF2UJNUWK', 'PHONE', 'COMPLETED', '2025-10-16 00:21:06.000000', '2025-10-20 00:21:06.000000', 'nguyenkhanhly@gmail.com', 'Nguyễn Khánh Ly', '0398123456', '2025-10-03 00:21:06.000000', 0, 0, 4, '', b'1', 0, 600000, 2400000, 2592000, '2025-10-20 00:21:06.000000', 192000, 'USQ7M4Z8R3A', 'USQ7M4Z8R3A', 'RM4', 'USQ7M4Z8R3A', '2025-10-16 00:21:06.000000', '2025-10-20 00:21:06.000000'),
	('BKX1HSBPHVX6', 'PHONE', 'COMPLETED', '2025-08-07 05:06:49.000000', '2025-08-10 05:06:49.000000', 'phamthanhtri0712@gmail.com', 'Phạm Thành Trí', '0398694435', '2025-07-25 05:06:49.000000', 590000, 0, 3, '', b'1', 0, 1800000, 5400000, 6422000, '2025-08-10 05:06:49.000000', 432000, 'USFQY6HBNFMX', 'USFQY6HBNFMX', 'RM38', 'USFQY6HBNFMX', '2025-08-07 05:06:49.000000', '2025-08-10 05:06:49.000000'),
	('BKX5MCPPOPPD', 'ONLINE', 'CANCELLED', '2025-12-08 17:45:08.000000', '2025-12-13 17:45:08.000000', 'havannguyen@gmail.com', 'Hà Văn Nguyên', '03652648261', '2025-11-27 17:45:08.000000', 0, 0, 5, '', b'0', 0, 850000, 4250000, 4590000, '2025-12-08 17:45:08.000000', 340000, 'USGMJFNCHDU5', 'USGMJFNCHDU5', 'RM22', 'USGMJFNCHDU5', NULL, NULL),
	('BKX86434VUKM', 'ONLINE', 'COMPLETED', '2025-09-23 06:32:06.000000', '2025-09-26 06:32:06.000000', 'phamquangvinh@gmail.com', 'Phạm Quang Vinh', '0948123675', '2025-09-12 06:32:06.000000', 30000, 0, 3, '', b'1', 0, 600000, 1800000, 1974000, '2025-09-26 06:32:06.000000', 144000, 'US6Z8FQ1XRM', 'US6Z8FQ1XRM', 'RM4', 'US6Z8FQ1XRM', '2025-09-23 06:32:06.000000', '2025-09-26 06:32:06.000000'),
	('BKXF2547KH07', 'FRONT_DESK', 'NO_SHOW', '2025-08-15 19:28:12.000000', '2025-08-16 19:28:12.000000', 'danghoangphu@gmail.com', 'Đặng Hoàng Phú', '0938124567', '2025-08-06 19:28:12.000000', 0, 0, 1, '', b'1', 0, 600000, 600000, 648000, '2025-08-15 19:28:12.000000', 48000, 'US8MZQK7R4A', 'US8MZQK7R4A', 'RM10', 'US8MZQK7R4A', NULL, NULL),
	('BKXGFYQS98QP', 'PHONE', 'COMPLETED', '2025-12-16 04:38:58.000000', '2025-12-18 04:38:58.000000', 'tranthimy@gmail.com', 'Trần Thị My', '0963457812', '2025-12-05 04:38:58.000000', 0, 0, 2, '', b'1', 0, 850000, 1700000, 1836000, '2025-12-18 04:38:58.000000', 136000, 'US8JZ5VXR4M', 'US8JZ5VXR4M', 'RM15', 'US8JZ5VXR4M', '2025-12-16 04:38:58.000000', '2025-12-18 04:38:58.000000'),
	('BKXH61G7EKM3', 'FRONT_DESK', 'COMPLETED', '2025-10-18 00:15:03.000000', '2025-10-19 00:15:03.000000', 'tranminhquan@gmail.com', 'Trần Minh Quân', '0978912345', '2025-10-11 00:15:03.000000', 515000, 0, 1, '', b'1', 0, 1100000, 1100000, 1703000, '2025-10-19 00:15:03.000000', 88000, 'US9X5V0N8KA', 'US9X5V0N8KA', 'RM30', 'US9X5V0N8KA', '2025-10-18 00:15:03.000000', '2025-10-19 00:15:03.000000'),
	('BKXXYCX8PUDT', 'PHONE', 'COMPLETED', '2025-11-13 23:11:52.000000', '2025-11-16 23:11:52.000000', 'havannguyen@gmail.com', 'Hà Văn Nguyên', '03652648261', '2025-11-08 23:11:52.000000', 0, 0, 3, '', b'1', 0, 600000, 1800000, 1944000, '2025-11-16 23:11:52.000000', 144000, 'USGMJFNCHDU5', 'USGMJFNCHDU5', 'RM6', 'USGMJFNCHDU5', '2025-11-13 23:11:52.000000', '2025-11-16 23:11:52.000000'),
	('BKY23I16OLSJ', 'PHONE', 'COMPLETED', '2025-09-11 13:20:44.000000', '2025-09-14 13:20:44.000000', 'buitrongnghia@gmail.com', 'Bùi Trọng Nghĩa', '0978123945', '2025-08-29 13:20:44.000000', 420000, 0, 3, '', b'1', 0, 850000, 2550000, 3174000, '2025-09-14 13:20:44.000000', 204000, 'US4RZ8Q9MKA', 'US4RZ8Q9MKA', 'RM23', 'US4RZ8Q9MKA', '2025-09-11 13:20:44.000000', '2025-09-14 13:20:44.000000'),
	('BKY2DGCLZPJJ', 'ONLINE', 'NO_SHOW', '2025-12-19 00:01:29.000000', '2025-12-23 00:01:29.000000', 'phamhoangnam@gmail.com', 'Phạm Hoàng Nam', '0936789123', '2025-12-06 00:01:29.000000', 0, 0, 4, '', b'1', 0, 600000, 2400000, 2592000, '2025-12-19 00:01:29.000000', 192000, 'USWQ6N7Z3MP', 'USWQ6N7Z3MP', 'RM3', 'USWQ6N7Z3MP', NULL, NULL),
	('BKY8MJYZESUH', 'PHONE', 'COMPLETED', '2025-08-11 06:17:59.000000', '2025-08-12 06:17:59.000000', 'nguyenhuutu@gmail.com', 'Nguyễn Hữu Tú', '0987123456', '2025-07-30 06:17:59.000000', 0, 0, 1, '', b'1', 0, 600000, 600000, 648000, '2025-08-12 06:17:59.000000', 48000, 'USM2X8QZ6E5', 'USM2X8QZ6E5', 'RM9', 'USM2X8QZ6E5', '2025-08-11 06:17:59.000000', '2025-08-12 06:17:59.000000'),
	('BKYLWOWHORIG', 'PHONE', 'COMPLETED', '2025-09-02 05:02:39.000000', '2025-09-05 05:02:39.000000', 'tranthimy@gmail.com', 'Trần Thị My', '0963457812', '2025-08-28 05:02:39.000000', 1005000, 0, 3, '', b'1', 0, 1100000, 3300000, 4569000, '2025-09-05 05:02:39.000000', 264000, 'US8JZ5VXR4M', 'US8JZ5VXR4M', 'RM25', 'US8JZ5VXR4M', '2025-09-02 05:02:39.000000', '2025-09-05 05:02:39.000000'),
	('BKYRSS15RLHL', 'FRONT_DESK', 'NO_SHOW', '2025-11-17 03:42:45.000000', '2025-11-19 03:42:45.000000', 'nguyenkhanhly@gmail.com', 'Nguyễn Khánh Ly', '0398123456', '2025-11-05 03:42:45.000000', 0, 0, 2, '', b'0', 0, 850000, 1700000, 1836000, '2025-11-17 03:42:45.000000', 136000, 'USQ7M4Z8R3A', 'USQ7M4Z8R3A', 'RM15', 'USQ7M4Z8R3A', NULL, NULL),
	('BKYSMY63SVDQ', 'FRONT_DESK', 'COMPLETED', '2025-12-18 20:57:06.000000', '2025-12-20 20:57:06.000000', 'nguyenkhanhly@gmail.com', 'Nguyễn Khánh Ly', '0398123456', '2025-12-13 20:57:06.000000', 345000, 0, 2, '', b'1', 0, 1100000, 2200000, 2721000, '2025-12-20 20:57:06.000000', 176000, 'USQ7M4Z8R3A', 'USQ7M4Z8R3A', 'RM27', 'USQ7M4Z8R3A', '2025-12-18 20:57:06.000000', '2025-12-20 20:57:06.000000'),
	('BKZ2RG5CF8EU', 'PHONE', 'COMPLETED', '2025-09-01 02:21:06.000000', '2025-09-04 02:21:06.000000', 'phamhoangnam@gmail.com', 'Phạm Hoàng Nam', '0936789123', '2025-08-29 02:21:06.000000', 0, 0, 3, '', b'1', 0, 600000, 1800000, 1728000, '2025-09-04 02:21:06.000000', 128000, 'USWQ6N7Z3MP', 'USWQ6N7Z3MP', 'RM2', 'USWQ6N7Z3MP', '2025-09-01 02:21:06.000000', '2025-09-04 02:21:06.000000'),
	('BKZ4CUVUV3Y3', 'FRONT_DESK', 'COMPLETED', '2025-07-28 13:23:27.000000', '2025-08-02 13:23:27.000000', 'phamthanhtri0712@gmail.com', 'Phạm Thành Trí', '0398694435', '2025-07-14 13:23:27.000000', 0, 600000, 5, '', b'1', 600000, 1100000, 5500000, 5292000, '2025-08-02 13:23:27.000000', 392000, 'USFQY6HBNFMX', 'USFQY6HBNFMX', 'RM29', 'USFQY6HBNFMX', '2025-07-28 13:23:27.000000', '2025-08-02 13:23:27.000000'),
	('BKZEHPB0PDUM', 'ONLINE', 'COMPLETED', '2025-12-21 01:08:20.000000', '2025-12-24 01:08:20.000000', 'lethanhtrung@gmail.com', 'Lê Thanh Trung', '0968123457', '2025-12-19 01:08:20.000000', 110000, 0, 3, '', b'1', 0, 600000, 1800000, 2054000, '2025-12-24 01:08:20.000000', 144000, 'US0KX7M9Q3E', 'US0KX7M9Q3E', 'RM7', 'US0KX7M9Q3E', '2025-12-21 01:08:20.000000', '2025-12-24 01:08:20.000000'),
	('BKZEM6SEKBP3', 'FRONT_DESK', 'CANCELLED', '2025-08-13 08:47:21.000000', '2025-08-16 08:47:21.000000', 'tranthimy@gmail.com', 'Trần Thị My', '0963457812', '2025-08-02 08:47:21.000000', 0, 0, 3, '', b'0', 0, 850000, 2550000, 2754000, '2025-08-13 08:47:21.000000', 204000, 'US8JZ5VXR4M', 'US8JZ5VXR4M', 'RM16', 'US8JZ5VXR4M', NULL, NULL),
	('BKZY3KP9TXHM', 'FRONT_DESK', 'COMPLETED', '2025-08-24 22:06:08.000000', '2025-08-27 22:06:08.000000', 'buiductuan@gmail.com', 'Bùi Đức Tuấn', '0359123478', '2025-08-19 22:06:08.000000', 0, 0, 3, '', b'1', 0, 600000, 1800000, 1944000, '2025-08-27 22:06:08.000000', 144000, 'US0M4A8Y7KD', 'US0M4A8Y7KD', 'RM12', 'US0M4A8Y7KD', '2025-08-24 22:06:08.000000', '2025-08-27 22:06:08.000000');

-- Dumping structure for table hotellink.booking_services
CREATE TABLE IF NOT EXISTS `booking_services` (
  `price` double NOT NULL,
  `quantity` int(11) NOT NULL CHECK (`quantity` >= 1),
  `booking_id` varchar(255) NOT NULL,
  `service_id` varchar(255) NOT NULL,
  PRIMARY KEY (`booking_id`,`service_id`),
  KEY `FKhhofk6n050slfqp0v6e65axk3` (`service_id`),
  CONSTRAINT `FK1etky587qu1tqlr3t1r7w59gx` FOREIGN KEY (`booking_id`) REFERENCES `bookings` (`booking_id`),
  CONSTRAINT `FKhhofk6n050slfqp0v6e65axk3` FOREIGN KEY (`service_id`) REFERENCES `services` (`service_id`)
) ENGINE=InnoDB DEFAULT CHARSET=utf8mb4 COLLATE=utf8mb4_uca1400_ai_ci;

-- Dumping data for table hotellink.booking_services: ~176 rows (approximately)
INSERT INTO `booking_services` (`price`, `quantity`, `booking_id`, `service_id`) VALUES
	(30000, 1, 'BK0EVUXAB51J', 'SV1'),
	(100000, 2, 'BK0EVUXAB51J', 'SV13'),
	(20000, 1, 'BK0EVUXAB51J', 'SV6'),
	(200000, 1, 'BK0RI1FM5U4K', 'SV9'),
	(200000, 1, 'BK175JG1473N', 'SV10'),
	(15000, 3, 'BK29PNBWZ2AN', 'SV5'),
	(200000, 1, 'BK29PNBWZ2AN', 'SV9'),
	(20000, 3, 'BK2Q76FJ3T8U', 'SV2'),
	(15000, 1, 'BK2Q76FJ3T8U', 'SV5'),
	(200000, 1, 'BK2X97PMA33B', 'SV12'),
	(30000, 3, 'BK3RXOASWKB1', 'SV1'),
	(200000, 2, 'BK3RXOASWKB1', 'SV12'),
	(35000, 1, 'BK3RXOASWKB1', 'SV3'),
	(200000, 1, 'BK3RXOASWKB1', 'SV9'),
	(30000, 1, 'BK3SMYYMACJX', 'SV1'),
	(15000, 3, 'BK3SMYYMACJX', 'SV4'),
	(30000, 2, 'BK3SMYYMACJX', 'SV7'),
	(200000, 2, 'BK486MP42OUB', 'SV12'),
	(100000, 3, 'BK486MP42OUB', 'SV13'),
	(15000, 2, 'BK486MP42OUB', 'SV5'),
	(200000, 1, 'BK486MP42OUB', 'SV9'),
	(15000, 3, 'BK49CO57LR5T', 'SV5'),
	(200000, 3, 'BK49CO57LR5T', 'SV9'),
	(200000, 2, 'BK4GHYLKRJUJ', 'SV9'),
	(30000, 3, 'BK65QS7VQRBH', 'SV8'),
	(200000, 1, 'BK65Z0VZOGUE', 'SV12'),
	(20000, 3, 'BK6BZR8Z8BB3', 'SV2'),
	(15000, 2, 'BK6BZR8Z8BB3', 'SV5'),
	(30000, 3, 'BK7DB1LL960W', 'SV1'),
	(20000, 1, 'BK7DB1LL960W', 'SV2'),
	(20000, 1, 'BK7DB1LL960W', 'SV6'),
	(30000, 1, 'BK7DB1LL960W', 'SV7'),
	(30000, 2, 'BK7GB4ACLCSH', 'SV1'),
	(15000, 2, 'BK7GB4ACLCSH', 'SV4'),
	(20000, 3, 'BK7GB4ACLCSH', 'SV6'),
	(30000, 3, 'BK7GB4ACLCSH', 'SV7'),
	(30000, 3, 'BK7I2A51J232', 'SV1'),
	(15000, 3, 'BK7I2A51J232', 'SV4'),
	(20000, 3, 'BK7I2A51J232', 'SV6'),
	(200000, 3, 'BK809KN14JYH', 'SV9'),
	(200000, 2, 'BK864CVQENI6', 'SV12'),
	(15000, 3, 'BK864CVQENI6', 'SV5'),
	(20000, 1, 'BK864CVQENI6', 'SV6'),
	(30000, 3, 'BK864CVQENI6', 'SV7'),
	(100000, 3, 'BK9U36LU8K6S', 'SV13'),
	(30000, 2, 'BK9U36LU8K6S', 'SV8'),
	(20000, 2, 'BKADPDD2F6WC', 'SV2'),
	(15000, 1, 'BKADPDD2F6WC', 'SV4'),
	(20000, 3, 'BKADPDD2F6WC', 'SV6'),
	(30000, 1, 'BKADPDD2F6WC', 'SV8'),
	(20000, 1, 'BKB98X16BFQU', 'SV2'),
	(20000, 2, 'BKB98X16BFQU', 'SV6'),
	(15000, 1, 'BKBC3S4IUH94', 'SV5'),
	(15000, 3, 'BKBEEMSE3B3E', 'SV4'),
	(20000, 1, 'BKBUY8O1H95S', 'SV2'),
	(15000, 2, 'BKBUY8O1H95S', 'SV5'),
	(30000, 2, 'BKBUY8O1H95S', 'SV8'),
	(20000, 3, 'BKBW207P4N8F', 'SV6'),
	(15000, 3, 'BKCXOL6QJ8SA', 'SV4'),
	(15000, 2, 'BKCXOL6QJ8SA', 'SV5'),
	(200000, 1, 'BKCXOL6QJ8SA', 'SV9'),
	(30000, 3, 'BKDTZM71P1IP', 'SV7'),
	(30000, 1, 'BKDTZM71P1IP', 'SV8'),
	(200000, 1, 'BKDTZM71P1IP', 'SV9'),
	(30000, 1, 'BKFBDYTM4TGB', 'SV8'),
	(200000, 2, 'BKFI8Y92VL4W', 'SV10'),
	(20000, 1, 'BKGF3ILC2LF0', 'SV2'),
	(30000, 3, 'BKH7TCW698I0', 'SV1'),
	(20000, 1, 'BKH7TCW698I0', 'SV2'),
	(15000, 2, 'BKH7TCW698I0', 'SV5'),
	(30000, 1, 'BKHXF8DRMTTJ', 'SV1'),
	(100000, 3, 'BKHXF8DRMTTJ', 'SV13'),
	(200000, 1, 'BKHXF8DRMTTJ', 'SV9'),
	(15000, 1, 'BKI2B9KCRR0H', 'SV5'),
	(20000, 3, 'BKIWRI3LNJZV', 'SV6'),
	(200000, 3, 'BKIWRI3LNJZV', 'SV9'),
	(20000, 3, 'BKJ7643JW10L', 'SV2'),
	(20000, 2, 'BKJ7643JW10L', 'SV6'),
	(30000, 1, 'BKJ7643JW10L', 'SV7'),
	(30000, 3, 'BKJJYDUK68AB', 'SV1'),
	(200000, 1, 'BKJJYDUK68AB', 'SV10'),
	(20000, 1, 'BKJJYDUK68AB', 'SV2'),
	(200000, 2, 'BKJKXGMQDIH7', 'SV9'),
	(200000, 2, 'BKJPFBC3097Z', 'SV10'),
	(20000, 3, 'BKJPFBC3097Z', 'SV2'),
	(30000, 3, 'BKJPFBC3097Z', 'SV7'),
	(100000, 1, 'BKKC9TBUAS90', 'SV13'),
	(35000, 2, 'BKKC9TBUAS90', 'SV3'),
	(30000, 3, 'BKKC9TBUAS90', 'SV8'),
	(200000, 3, 'BKKXC5EGTINE', 'SV10'),
	(35000, 3, 'BKKXC5EGTINE', 'SV3'),
	(200000, 2, 'BKKXC5EGTINE', 'SV9'),
	(200000, 1, 'BKKZF0LDVASD', 'SV9'),
	(30000, 2, 'BKLKUF1VL5CQ', 'SV1'),
	(200000, 3, 'BKLKUF1VL5CQ', 'SV12'),
	(100000, 3, 'BKLKUF1VL5CQ', 'SV13'),
	(20000, 1, 'BKLKUF1VL5CQ', 'SV2'),
	(200000, 3, 'BKM79BQJ0S7R', 'SV10'),
	(15000, 3, 'BKM79BQJ0S7R', 'SV5'),
	(20000, 1, 'BKM79BQJ0S7R', 'SV6'),
	(30000, 2, 'BKM79BQJ0S7R', 'SV7'),
	(20000, 1, 'BKM9KYYP5VM4', 'SV2'),
	(15000, 1, 'BKNFDUKLGM76', 'SV4'),
	(200000, 1, 'BKNFDUKLGM76', 'SV9'),
	(30000, 3, 'BKNKSYPYVKYP', 'SV1'),
	(100000, 3, 'BKNKSYPYVKYP', 'SV13'),
	(200000, 1, 'BKO06RMA4UVF', 'SV12'),
	(35000, 3, 'BKO06RMA4UVF', 'SV3'),
	(30000, 2, 'BKO06RMA4UVF', 'SV8'),
	(20000, 3, 'BKO4FI54DX68', 'SV6'),
	(15000, 1, 'BKOSZRAPR6CR', 'SV4'),
	(200000, 2, 'BKOSZRAPR6CR', 'SV9'),
	(200000, 2, 'BKOVG1U0X2ZJ', 'SV10'),
	(20000, 1, 'BKOVG1U0X2ZJ', 'SV2'),
	(35000, 3, 'BKOVG1U0X2ZJ', 'SV3'),
	(200000, 1, 'BKOVG1U0X2ZJ', 'SV9'),
	(15000, 1, 'BKPITHYH394J', 'SV4'),
	(200000, 1, 'BKPVC0P7LLUI', 'SV12'),
	(100000, 1, 'BKPVC0P7LLUI', 'SV13'),
	(35000, 2, 'BKPVC0P7LLUI', 'SV3'),
	(200000, 1, 'BKPVC0P7LLUI', 'SV9'),
	(30000, 3, 'BKQVGLR7R2J6', 'SV7'),
	(30000, 2, 'BKQVGLR7R2J6', 'SV8'),
	(30000, 2, 'BKR3HRJYDSWP', 'SV1'),
	(20000, 2, 'BKR3HRJYDSWP', 'SV2'),
	(15000, 2, 'BKR3HRJYDSWP', 'SV5'),
	(30000, 1, 'BKR3HRJYDSWP', 'SV8'),
	(15000, 1, 'BKT4E2T24NM6', 'SV4'),
	(20000, 3, 'BKT4E2T24NM6', 'SV6'),
	(30000, 3, 'BKT4E2T24NM6', 'SV8'),
	(200000, 1, 'BKT4E2T24NM6', 'SV9'),
	(200000, 1, 'BKUI92ORHKW0', 'SV10'),
	(20000, 3, 'BKUI92ORHKW0', 'SV6'),
	(20000, 2, 'BKVFA1SL4AEC', 'SV2'),
	(35000, 2, 'BKVFA1SL4AEC', 'SV3'),
	(20000, 1, 'BKVFA1SL4AEC', 'SV6'),
	(30000, 2, 'BKVFA1SL4AEC', 'SV8'),
	(30000, 1, 'BKVH773FKG66', 'SV1'),
	(100000, 2, 'BKVH773FKG66', 'SV13'),
	(200000, 3, 'BKVH773FKG66', 'SV9'),
	(200000, 2, 'BKVN3JI3GZVO', 'SV10'),
	(100000, 3, 'BKVOV4W67W0A', 'SV13'),
	(20000, 2, 'BKVOV4W67W0A', 'SV2'),
	(15000, 1, 'BKVOV4W67W0A', 'SV4'),
	(30000, 3, 'BKVOV4W67W0A', 'SV7'),
	(30000, 3, 'BKVS37HIPCNU', 'SV1'),
	(200000, 2, 'BKVS37HIPCNU', 'SV12'),
	(20000, 1, 'BKVS37HIPCNU', 'SV2'),
	(30000, 3, 'BKWSKXZ7928Z', 'SV1'),
	(100000, 2, 'BKWSKXZ7928Z', 'SV13'),
	(35000, 1, 'BKWSKXZ7928Z', 'SV3'),
	(200000, 2, 'BKWUQTNU14VV', 'SV10'),
	(15000, 3, 'BKWUQTNU14VV', 'SV4'),
	(200000, 2, 'BKWUQTNU14VV', 'SV9'),
	(20000, 3, 'BKX1HSBPHVX6', 'SV2'),
	(35000, 2, 'BKX1HSBPHVX6', 'SV3'),
	(30000, 2, 'BKX1HSBPHVX6', 'SV7'),
	(200000, 2, 'BKX1HSBPHVX6', 'SV9'),
	(15000, 2, 'BKX86434VUKM', 'SV5'),
	(20000, 2, 'BKXH61G7EKM3', 'SV2'),
	(15000, 1, 'BKXH61G7EKM3', 'SV5'),
	(30000, 2, 'BKXH61G7EKM3', 'SV7'),
	(200000, 2, 'BKXH61G7EKM3', 'SV9'),
	(200000, 1, 'BKY23I16OLSJ', 'SV12'),
	(20000, 1, 'BKY23I16OLSJ', 'SV2'),
	(200000, 1, 'BKY23I16OLSJ', 'SV9'),
	(30000, 3, 'BKYLWOWHORIG', 'SV1'),
	(200000, 3, 'BKYLWOWHORIG', 'SV12'),
	(100000, 3, 'BKYLWOWHORIG', 'SV13'),
	(15000, 1, 'BKYLWOWHORIG', 'SV5'),
	(15000, 3, 'BKYSMY63SVDQ', 'SV5'),
	(20000, 2, 'BKYSMY63SVDQ', 'SV6'),
	(30000, 2, 'BKYSMY63SVDQ', 'SV8'),
	(200000, 1, 'BKYSMY63SVDQ', 'SV9'),
	(20000, 2, 'BKZEHPB0PDUM', 'SV2'),
	(35000, 2, 'BKZEHPB0PDUM', 'SV3');

-- Dumping structure for table hotellink.customers
CREATE TABLE IF NOT EXISTS `customers` (
  `points` int(11) NOT NULL,
  `user_id` varchar(255) NOT NULL,
  PRIMARY KEY (`user_id`),
  CONSTRAINT `FKqfnj00cyt44wtrpjlslrqks62` FOREIGN KEY (`user_id`) REFERENCES `persons` (`user_id`)
) ENGINE=InnoDB DEFAULT CHARSET=utf8mb4 COLLATE=utf8mb4_uca1400_ai_ci;

-- Dumping data for table hotellink.customers: ~26 rows (approximately)
INSERT INTO `customers` (`points`, `user_id`) VALUES
	(0, 'US0KX7M9Q3E'),
	(0, 'US0M4A8Y7KD'),
	(0, 'US2A6KQW5H9'),
	(0, 'US3Z9A5E4RM'),
	(0, 'US4Q8M7RZKA'),
	(0, 'US4RZ8Q9MKA'),
	(0, 'US5A9Z0FQ3M'),
	(0, 'US5E9C2XHRA'),
	(0, 'US5RZ8Q0MKA'),
	(0, 'US6C9B2VYAF'),
	(0, 'US6Z8FQ1XRM'),
	(0, 'US7W3JZ4E2Q'),
	(0, 'US8JZ5VXR4M'),
	(0, 'US8MZQK7R4A'),
	(0, 'US8R6NQ2EZA'),
	(0, 'US9D5E7K2RC'),
	(0, 'US9X5V0N8KA'),
	(4, 'USFQY6HBNFMX'),
	(0, 'USFQZ8R3V9A'),
	(0, 'USGMJFNCHDU5'),
	(0, 'USL3H8RZ6NQ'),
	(0, 'USM2X8QZ6E5'),
	(0, 'USM7A9JX2KD'),
	(0, 'USQ7M4Z8R3A'),
	(0, 'USQW8T5E1RZ'),
	(0, 'USWQ6N7Z3MP'),
	(0, 'USX8Y4Z3M0F');

-- Dumping structure for table hotellink.persons
CREATE TABLE IF NOT EXISTS `persons` (
  `user_id` varchar(255) NOT NULL,
  `full_name` varchar(255) NOT NULL,
  `phone` varchar(255) NOT NULL,
  PRIMARY KEY (`user_id`),
  UNIQUE KEY `UKjffg8yqa27hkgfnkdimfv4i4m` (`phone`),
  CONSTRAINT `FKrp309masjisdm7mmqon63obpv` FOREIGN KEY (`user_id`) REFERENCES `users` (`user_id`)
) ENGINE=InnoDB DEFAULT CHARSET=utf8mb4 COLLATE=utf8mb4_uca1400_ai_ci;

-- Dumping data for table hotellink.persons: ~31 rows (approximately)
INSERT INTO `persons` (`user_id`, `full_name`, `phone`) VALUES
	('US0KX7M9Q3E', 'Lê Thanh Trung', '0968123457'),
	('US0M4A8Y7KD', 'Bùi Đức Tuấn', '0359123478'),
	('US2A6KQW5H9', 'Lê Thị Hồng', '0394567123'),
	('US3Z9A5E4RM', 'Võ Văn Phúc', '0973456128'),
	('US4Q8M7RZKA', 'Đỗ Thị Thu', '0389123456'),
	('US4RZ8Q9MKA', 'Bùi Trọng Nghĩa', '0978123945'),
	('US5A9Z0FQ3M', 'Hoàng Thanh Sơn', '0934567812'),
	('US5E9C2XHRA', 'Nguyễn Thành Đạt', '0904567893'),
	('US5RZ8Q0MKA', 'Trần Đoan Thắng', '0903457819'),
	('US6C9B2VYAF', 'Hoàng Quốc Việt', '0978123456'),
	('US6Z8FQ1XRM', 'Phạm Quang Vinh', '0948123675'),
	('US7W3JZ4E2Q', 'Phạm Ngọc Anh', '0909123786'),
	('US8JZ5VXR4M', 'Trần Thị My', '0963457812'),
	('US8MZQK7R4A', 'Đặng Hoàng Phú', '0938124567'),
	('US8R6NQ2EZA', 'Nguyễn Thị Lan', '0912347896'),
	('US9D5E7K2RC', 'Phạm Đức Thịnh', '0916782345'),
	('US9X5V0N8KA', 'Trần Minh Quân', '0978912345'),
	('USC2FBFN4GUO', 'Lê Thị Bình', '0965346853'),
	('USDMVYM8L3R6', 'Nguyễn Văn An', '0356234568'),
	('USFQY6HBNFMX', 'Phạm Thành Trí', '0398694435'),
	('USFQZ8R3V9A', 'Vũ Hoàng Long', '0945678123'),
	('USGKMCKDMQI8', 'Trần Hoài Bảo', '0365236450'),
	('USGMJFNCHDU5', 'Hà Văn Nguyên', '03652648261'),
	('USGT2KLPUQY4', 'Trần Hải Cung', '0395638654'),
	('USL3H8RZ6NQ', 'Đặng Thị Thảo', '0384567891'),
	('USM2X8QZ6E5', 'Nguyễn Hữu Tú', '0987123456'),
	('USM7A9JX2KD', 'Lê Văn Minh', '0983456721'),
	('USQ7M4Z8R3A', 'Nguyễn Khánh Ly', '0398123456'),
	('USQW8T5E1RZ', 'Phạm Thị Lan', '0912345678'),
	('USTZFP5SVFEO', 'Nguyễn Văn Tình', '0365263452'),
	('USWQ6N7Z3MP', 'Phạm Hoàng Nam', '0936789123'),
	('USX8Y4Z3M0F', 'Đỗ Quang Huy', '0972345618');

-- Dumping structure for table hotellink.reviews
CREATE TABLE IF NOT EXISTS `reviews` (
  `review_id` varchar(255) NOT NULL,
  `cleanliness_score` int(11) NOT NULL CHECK (`cleanliness_score` <= 10 and `cleanliness_score` >= 1),
  `comments` varchar(255) NOT NULL,
  `created_at` datetime(6) DEFAULT NULL,
  `facilities_score` int(11) NOT NULL CHECK (`facilities_score` <= 10 and `facilities_score` >= 1),
  `service_score` int(11) NOT NULL CHECK (`service_score` <= 10 and `service_score` >= 1),
  `status` bit(1) NOT NULL,
  `updated_at` datetime(6) DEFAULT NULL,
  `booking_id` varchar(255) DEFAULT NULL,
  `customer_id` varchar(255) DEFAULT NULL,
  PRIMARY KEY (`review_id`),
  UNIQUE KEY `UK3p9j9vyr1qofbcxju65es206r` (`booking_id`),
  KEY `FK4sm0k8kw740iyuex3vwwv1etu` (`customer_id`),
  CONSTRAINT `FK28an517hrxtt2bsg93uefugrm` FOREIGN KEY (`booking_id`) REFERENCES `bookings` (`booking_id`),
  CONSTRAINT `FK4sm0k8kw740iyuex3vwwv1etu` FOREIGN KEY (`customer_id`) REFERENCES `customers` (`user_id`)
) ENGINE=InnoDB DEFAULT CHARSET=utf8mb4 COLLATE=utf8mb4_uca1400_ai_ci;

-- Dumping data for table hotellink.reviews: ~42 rows (approximately)
INSERT INTO `reviews` (`review_id`, `cleanliness_score`, `comments`, `created_at`, `facilities_score`, `service_score`, `status`, `updated_at`, `booking_id`, `customer_id`) VALUES
	('RV1HV2FENYJP', 6, 'Sạch sẽ', '2025-12-28 12:41:31.000000', 10, 9, b'1', '2025-12-28 12:41:31.000000', 'BKKXC5EGTINE', 'US0M4A8Y7KD'),
	('RV1JPLHXZRUL', 9, 'Phòng sạch sẽ, thơm tho, Nhân viên thân thiện', '2026-02-26 19:01:55.371857', 10, 9, b'1', NULL, 'BKGF3ILC2LF0', 'USFQY6HBNFMX'),
	('RV294EVA44KL', 6, 'Bình thường', '2025-09-17 11:43:27.000000', 6, 7, b'1', '2025-09-17 11:43:27.000000', 'BKH7TCW698I0', 'USX8Y4Z3M0F'),
	('RV2LC44UGMKE', 10, 'Cần cải thiện', '2025-09-04 02:21:06.000000', 10, 10, b'1', '2025-09-04 02:21:06.000000', 'BKZ2RG5CF8EU', 'USWQ6N7Z3MP'),
	('RV2WPZL7BGWD', 6, 'Tuyệt vời', '2025-12-09 01:33:14.000000', 6, 8, b'1', '2025-12-09 01:33:14.000000', 'BK8N6E22GQUU', 'US2A6KQW5H9'),
	('RV3TQG31VDVV', 6, 'Rất tốt', '2025-12-15 22:02:34.000000', 6, 8, b'1', '2025-12-15 22:02:34.000000', 'BKJ7643JW10L', 'US8MZQK7R4A'),
	('RV3ZSKY46104', 10, 'Sạch sẽ', '2025-09-21 07:18:55.000000', 7, 9, b'1', '2025-09-21 07:18:55.000000', 'BK14ES06HBYM', 'US3Z9A5E4RM'),
	('RV4VZ711KU28', 9, 'Tuyệt vời', '2025-10-16 20:59:42.000000', 9, 6, b'1', '2025-10-16 20:59:42.000000', 'BK2Q76FJ3T8U', 'USQW8T5E1RZ'),
	('RV5B6MEBVM8A', 8, 'Tuyệt vời', '2025-07-27 21:44:26.000000', 8, 7, b'1', '2025-07-27 21:44:26.000000', 'BK4OH2TBZC15', 'US6C9B2VYAF'),
	('RV5ECV0WK87K', 7, 'Bình thường', '2025-10-04 06:16:20.000000', 6, 10, b'1', '2025-10-04 06:16:20.000000', 'BKLWFN3O0VXR', 'USGMJFNCHDU5'),
	('RV5SFYU4FDGK', 6, 'Sạch sẽ', '2025-10-26 19:00:28.000000', 8, 9, b'1', '2025-10-26 19:00:28.000000', 'BKFI8Y92VL4W', 'US9D5E7K2RC'),
	('RV5UWZSZEB72', 7, 'Cần cải thiện', '2025-10-26 23:38:19.000000', 10, 10, b'1', '2025-10-26 23:38:19.000000', 'BKDTZM71P1IP', 'US5RZ8Q0MKA'),
	('RV6O40KRJORQ', 7, 'Tuyệt vời', '2025-08-02 13:23:27.000000', 8, 7, b'1', '2025-08-02 13:23:27.000000', 'BKZ4CUVUV3Y3', 'USFQY6HBNFMX'),
	('RV7AKKZKMR9S', 9, 'Tuyệt vời', '2025-10-30 21:14:44.000000', 9, 6, b'1', '2025-10-30 21:14:44.000000', 'BK0EVUXAB51J', 'USWQ6N7Z3MP'),
	('RV858LOA515J', 7, 'Tuyệt vời', '2025-09-19 18:44:09.000000', 7, 10, b'1', '2025-09-19 18:44:09.000000', 'BKHHNAK7STQE', 'USM7A9JX2KD'),
	('RV9FAE67XI1G', 8, 'Sạch sẽ', '2025-09-12 01:28:45.000000', 6, 9, b'1', '2025-09-12 01:28:45.000000', 'BKPGOOR6UP00', 'US4Q8M7RZKA'),
	('RV9J6T4JRXIE', 8, 'Good service', '2025-11-28 17:13:11.000000', 6, 7, b'1', '2025-11-28 17:13:11.000000', 'BKCXOL6QJ8SA', 'US6C9B2VYAF'),
	('RV9LPI5CZO8T', 10, 'Tuyệt vời', '2025-08-05 20:10:34.000000', 6, 8, b'1', '2025-08-05 20:10:34.000000', 'BK29PNBWZ2AN', 'US6Z8FQ1XRM'),
	('RV9Z3QMIKMFD', 10, 'Hài lòng', '2025-08-14 04:24:36.000000', 9, 6, b'1', '2025-08-14 04:24:36.000000', 'BKNU3CNPSH8I', 'US0KX7M9Q3E'),
	('RVARZZVDWG3B', 8, 'Good service', '2025-08-22 05:07:43.000000', 9, 7, b'1', '2025-08-22 05:07:43.000000', 'BKWUQTNU14VV', 'USM7A9JX2KD'),
	('RVB75TXXWDRB', 6, 'Hài lòng', '2025-12-27 06:29:19.000000', 10, 6, b'1', '2025-12-27 06:29:19.000000', 'BK4PUKQ52GBB', 'US2A6KQW5H9'),
	('RVE80WQPUKN1', 8, 'Hài lòng', '2025-08-04 02:21:57.000000', 10, 7, b'1', '2025-08-04 02:21:57.000000', 'BKB98X16BFQU', 'US5E9C2XHRA'),
	('RVF2IO1T0TYZ', 8, 'Sạch sẽ', '2025-10-15 12:39:39.000000', 8, 7, b'1', '2025-10-15 12:39:39.000000', 'BKGYC68DZ53U', 'US0M4A8Y7KD'),
	('RVJYVTS3PWXP', 6, 'Hài lòng', '2025-11-29 08:51:30.000000', 7, 6, b'1', '2025-11-29 08:51:30.000000', 'BKIBNSTMGH4M', 'US5E9C2XHRA'),
	('RVK4F3BH8CY3', 7, 'Cần cải thiện', '2025-07-07 02:29:21.000000', 9, 8, b'1', '2025-07-07 02:29:21.000000', 'BKB73LGJUCQQ', 'USM7A9JX2KD'),
	('RVL6X0YLTLGT', 10, 'Sạch sẽ', '2025-06-27 15:21:24.000000', 9, 6, b'1', '2025-06-27 15:21:24.000000', 'BK5BTS2JXLAJ', 'USL3H8RZ6NQ'),
	('RVLZY26B0SAL', 9, 'Sạch sẽ', '2025-09-10 01:16:39.000000', 6, 8, b'1', '2025-09-10 01:16:39.000000', 'BKBUY8O1H95S', 'USFQZ8R3V9A'),
	('RVMASQL4EF9K', 10, 'Hài lòng', '2025-07-09 06:01:31.000000', 6, 6, b'1', '2025-07-09 06:01:31.000000', 'BKNFDUKLGM76', 'USQ7M4Z8R3A'),
	('RVMYSTR9V3CT', 7, 'Tuyệt vời', '2025-10-13 01:11:47.000000', 6, 6, b'1', '2025-10-13 01:11:47.000000', 'BK6G011C01C2', 'US9X5V0N8KA'),
	('RVPBJ4AE4F8X', 8, 'Good service', '2025-07-13 20:33:48.000000', 10, 10, b'1', '2025-07-13 20:33:48.000000', 'BK6BZR8Z8BB3', 'US6C9B2VYAF'),
	('RVPP713R6HIB', 10, 'Sạch sẽ', '2025-10-29 17:12:49.000000', 9, 7, b'1', '2025-10-29 17:12:49.000000', 'BKVVKU8J9X4K', 'US0KX7M9Q3E'),
	('RVQEHAE2WO7S', 7, 'Cần cải thiện', '2025-08-26 19:47:18.000000', 7, 7, b'1', '2025-08-26 19:47:18.000000', 'BK8RK06OYPM3', 'USWQ6N7Z3MP'),
	('RVQH0FFZ48CP', 9, 'Sạch sẽ', '2025-08-05 22:49:57.000000', 10, 8, b'1', '2025-08-05 22:49:57.000000', 'BKOEL94JQ5SJ', 'USM7A9JX2KD'),
	('RVQVQZCAUGNE', 7, 'Tuyệt vời', '2025-08-24 08:26:20.000000', 9, 10, b'1', '2025-08-24 08:26:20.000000', 'BKJJYDUK68AB', 'USM2X8QZ6E5'),
	('RVROR44IF117', 7, 'Sạch sẽ', '2025-07-18 01:04:28.000000', 6, 6, b'1', '2025-07-18 01:04:28.000000', 'BK4GHYLKRJUJ', 'US0M4A8Y7KD'),
	('RVRV7N2ZQYL5', 8, 'Bình thường', '2025-10-19 00:15:03.000000', 10, 7, b'1', '2025-10-19 00:15:03.000000', 'BKXH61G7EKM3', 'US9X5V0N8KA'),
	('RVSMHL2V5JFC', 10, 'Tuyệt vời', '2025-12-20 20:57:06.000000', 8, 9, b'1', '2025-12-20 20:57:06.000000', 'BKYSMY63SVDQ', 'USQ7M4Z8R3A'),
	('RVVS4FZT7JR1', 8, 'Tuyệt vời', '2025-10-13 01:41:03.000000', 10, 8, b'1', '2025-10-13 01:41:03.000000', 'BKVWQA483GPS', 'US8R6NQ2EZA'),
	('RVW28N92LTMU', 6, 'Cần cải thiện', '2025-10-16 07:58:58.000000', 8, 6, b'1', '2025-10-16 07:58:58.000000', 'BKBEEMSE3B3E', 'US6C9B2VYAF'),
	('RVW7IEM4FWCD', 8, 'Sạch sẽ', '2025-08-07 20:14:01.000000', 6, 9, b'1', '2025-08-07 20:14:01.000000', 'BK0ZOIT7IB5M', 'US9D5E7K2RC'),
	('RVWS9NYD26TU', 9, 'Bình thường', '2025-10-27 22:05:15.000000', 8, 9, b'1', '2025-10-27 22:05:15.000000', 'BKSJ1D1REI3K', 'US5RZ8Q0MKA'),
	('RVXVWWZC81EO', 9, 'Cần cải thiện', '2026-01-15 10:31:18.000000', 9, 6, b'1', '2026-01-15 10:31:18.000000', 'BKOFUBWR56P4', 'US0M4A8Y7KD'),
	('RVY8WSKFNM3N', 7, 'Good service', '2025-08-21 03:19:52.000000', 9, 10, b'1', '2025-08-21 03:19:52.000000', 'BK7GB4ACLCSH', 'USFQZ8R3V9A');

-- Dumping structure for table hotellink.rooms
CREATE TABLE IF NOT EXISTS `rooms` (
  `room_id` varchar(255) NOT NULL,
  `created_at` datetime(6) DEFAULT NULL,
  `floor` varchar(255) NOT NULL,
  `room_number` varchar(255) NOT NULL,
  `room_status` enum('AVAILABLE','CLEANING','MAINTENANCE') DEFAULT NULL,
  `status` bit(1) NOT NULL,
  `updated_at` datetime(6) DEFAULT NULL,
  `room_type_id` varchar(255) DEFAULT NULL,
  PRIMARY KEY (`room_id`),
  KEY `FKh9m2n1paq5hmd3u0klfl7wsfv` (`room_type_id`),
  CONSTRAINT `FKh9m2n1paq5hmd3u0klfl7wsfv` FOREIGN KEY (`room_type_id`) REFERENCES `room_types` (`room_type_id`)
) ENGINE=InnoDB DEFAULT CHARSET=utf8mb4 COLLATE=utf8mb4_uca1400_ai_ci;

-- Dumping data for table hotellink.rooms: ~42 rows (approximately)
INSERT INTO `rooms` (`room_id`, `created_at`, `floor`, `room_number`, `room_status`, `status`, `updated_at`, `room_type_id`) VALUES
	('RM1', '2025-12-12 21:30:00.000000', 'Tầng 1', '101', 'AVAILABLE', b'1', '2026-01-08 12:47:01.776237', 'RT1'),
	('RM10', '2025-12-12 21:30:00.000000', 'Tầng 2', '204', 'AVAILABLE', b'1', NULL, 'RT2'),
	('RM11', '2025-12-12 21:30:00.000000', 'Tầng 2', '205', 'AVAILABLE', b'1', NULL, 'RT2'),
	('RM12', '2025-12-12 21:30:00.000000', 'Tầng 2', '206', 'AVAILABLE', b'1', NULL, 'RT2'),
	('RM13', '2025-12-12 21:30:00.000000', 'Tầng 3', '301', 'AVAILABLE', b'1', NULL, 'RT3'),
	('RM14', '2025-12-12 21:30:00.000000', 'Tầng 3', '302', 'AVAILABLE', b'1', NULL, 'RT3'),
	('RM15', '2025-12-12 21:30:00.000000', 'Tầng 3', '303', 'AVAILABLE', b'1', NULL, 'RT3'),
	('RM16', '2025-12-12 21:30:00.000000', 'Tầng 3', '304', 'AVAILABLE', b'1', NULL, 'RT3'),
	('RM17', '2025-12-12 21:30:00.000000', 'Tầng 3', '305', 'AVAILABLE', b'1', NULL, 'RT3'),
	('RM18', '2025-12-12 21:30:00.000000', 'Tầng 3', '306', 'AVAILABLE', b'1', NULL, 'RT3'),
	('RM19', '2025-12-12 21:30:00.000000', 'Tầng 4', '401', 'AVAILABLE', b'1', NULL, 'RT4'),
	('RM2', '2025-12-12 21:30:00.000000', 'Tầng 1', '102', 'AVAILABLE', b'1', '2026-01-08 13:18:10.032374', 'RT1'),
	('RM20', '2025-12-12 21:30:00.000000', 'Tầng 4', '402', 'AVAILABLE', b'1', NULL, 'RT4'),
	('RM21', '2025-12-12 21:30:00.000000', 'Tầng 4', '403', 'AVAILABLE', b'1', NULL, 'RT4'),
	('RM22', '2025-12-12 21:30:00.000000', 'Tầng 4', '404', 'AVAILABLE', b'1', NULL, 'RT4'),
	('RM23', '2025-12-12 21:30:00.000000', 'Tầng 4', '405', 'AVAILABLE', b'1', NULL, 'RT4'),
	('RM24', '2025-12-12 21:30:00.000000', 'Tầng 4', '406', 'AVAILABLE', b'1', NULL, 'RT4'),
	('RM25', '2025-12-12 21:30:00.000000', 'Tầng 5', '501', 'AVAILABLE', b'1', NULL, 'RT5'),
	('RM26', '2025-12-12 21:30:00.000000', 'Tầng 5', '502', 'AVAILABLE', b'1', NULL, 'RT5'),
	('RM27', '2025-12-12 21:30:00.000000', 'Tầng 5', '503', 'AVAILABLE', b'1', NULL, 'RT5'),
	('RM28', '2025-12-12 21:30:00.000000', 'Tầng 5', '504', 'AVAILABLE', b'1', NULL, 'RT5'),
	('RM29', '2025-12-12 21:30:00.000000', 'Tầng 5', '505', 'AVAILABLE', b'1', NULL, 'RT5'),
	('RM3', '2025-12-12 21:30:00.000000', 'Tầng 1', '103', 'AVAILABLE', b'1', NULL, 'RT1'),
	('RM30', '2025-12-12 21:30:00.000000', 'Tầng 5', '506', 'AVAILABLE', b'1', NULL, 'RT5'),
	('RM31', '2025-12-12 21:30:00.000000', 'Tầng 6', '601', 'AVAILABLE', b'1', NULL, 'RT8'),
	('RM32', '2025-12-12 21:30:00.000000', 'Tầng 6', '602', 'AVAILABLE', b'1', NULL, 'RT8'),
	('RM33', '2025-12-12 21:30:00.000000', 'Tầng 6', '603', 'AVAILABLE', b'1', NULL, 'RT8'),
	('RM34', '2025-12-12 21:30:00.000000', 'Tầng 6', '604', 'AVAILABLE', b'1', NULL, 'RT9'),
	('RM35', '2025-12-12 21:30:00.000000', 'Tầng 6', '605', 'AVAILABLE', b'1', NULL, 'RT9'),
	('RM36', '2025-12-12 21:30:00.000000', 'Tầng 6', '606', 'AVAILABLE', b'1', NULL, 'RT9'),
	('RM37', '2025-12-12 21:30:00.000000', 'Tầng 7', '701', 'AVAILABLE', b'1', NULL, 'RT6'),
	('RM38', '2025-12-12 21:30:00.000000', 'Tầng 7', '702', 'AVAILABLE', b'1', NULL, 'RT6'),
	('RM39', '2025-12-12 21:30:00.000000', 'Tầng 7', '703', 'AVAILABLE', b'1', NULL, 'RT6'),
	('RM4', '2025-12-12 21:30:00.000000', 'Tầng 1', '104', 'AVAILABLE', b'1', NULL, 'RT1'),
	('RM40', '2025-12-12 21:30:00.000000', 'Tầng 7', '704', 'AVAILABLE', b'1', NULL, 'RT7'),
	('RM41', '2025-12-12 21:30:00.000000', 'Tầng 7', '705', 'AVAILABLE', b'1', NULL, 'RT7'),
	('RM42', '2025-12-12 21:30:00.000000', 'Tầng 7', '706', 'AVAILABLE', b'1', NULL, 'RT7'),
	('RM5', '2025-12-12 21:30:00.000000', 'Tầng 1', '105', 'AVAILABLE', b'1', '2026-01-12 21:40:04.723631', 'RT1'),
	('RM6', '2025-12-12 21:30:00.000000', 'Tầng 1', '106', 'AVAILABLE', b'1', NULL, 'RT1'),
	('RM7', '2025-12-12 21:30:00.000000', 'Tầng 2', '201', 'AVAILABLE', b'1', NULL, 'RT2'),
	('RM8', '2025-12-12 21:30:00.000000', 'Tầng 2', '202', 'AVAILABLE', b'1', NULL, 'RT2'),
	('RM9', '2025-12-12 21:30:00.000000', 'Tầng 2', '203', 'AVAILABLE', b'1', NULL, 'RT2');

-- Dumping structure for table hotellink.room_types
CREATE TABLE IF NOT EXISTS `room_types` (
  `room_type_id` varchar(255) NOT NULL,
  `area` double NOT NULL,
  `created_at` datetime(6) DEFAULT NULL,
  `description` varchar(1000) NOT NULL,
  `guest_capacity` int(11) NOT NULL CHECK (`guest_capacity` >= 1 and `guest_capacity` <= 10),
  `name` varchar(255) NOT NULL,
  `price` double NOT NULL,
  `status` bit(1) NOT NULL,
  `updated_at` datetime(6) DEFAULT NULL,
  PRIMARY KEY (`room_type_id`)
) ENGINE=InnoDB DEFAULT CHARSET=utf8mb4 COLLATE=utf8mb4_uca1400_ai_ci;

-- Dumping data for table hotellink.room_types: ~9 rows (approximately)
INSERT INTO `room_types` (`room_type_id`, `area`, `created_at`, `description`, `guest_capacity`, `name`, `price`, `status`, `updated_at`) VALUES
	('RT1', 25, '2025-12-12 21:30:00.000000', 'Là sự giao thoa tinh tế giữa vẻ đẹp cổ điển và tiện nghi hiện đại, HotelLink Standard Double mở ra không gian nghỉ dưỡng sang trọng và ấm cúng. Nội thất cao cấp được bố trí khéo léo, ánh sáng chan hòa, dễ chịu, mang đến cảm giác thư thái cùng những trải nghiệm trọn vẹn cho những chuyến công tác hay hành trình khám phá Sài Gòn sôi động.', 2, 'HotelLink Standard Double', 600000, b'1', '2026-01-11 20:19:52.674222'),
	('RT2', 25, '2025-12-12 21:30:00.000000', 'Hơn cả một chốn dừng chân, HotelLink Standard Twin là nơi lý tưởng để chia sẻ những khoảnh khắc đáng nhớ bên bạn bè và gia đình. Căn phòng có không gian thoáng đãng, thiết kế tinh tế, nội thất sang trọng và tiện nghi cao cấp. Từng chi tiết đều được chăm chút tỉ mỉ, để mỗi giây phút lưu lại nơi đây đều trở thành một kỷ niệm đẹp.', 2, 'HotelLink Standard Twin', 600000, b'1', '2026-01-08 19:16:14.875432'),
	('RT3', 40, '2025-12-12 21:30:00.000000', 'Sang trọng và thanh lịch, HotelLink Deluxe Double là nơi lý tưởng để tận hưởng trọn vẹn sự riêng tư cùng những trải nghiệm đáng nhớ. Căn phòng gây ấn tượng với không gian rộng thoáng, thiết kế sang trọng, gam màu trang nhã và khung cửa lớn đón lấy ánh nắng Phương Nam để cùng ghi dấu những khoảnh khắc đặc biệt bên những người thân yêu.', 2, 'HotelLink Deluxe Double', 850000, b'1', NULL),
	('RT4', 40, '2025-12-12 21:30:00.000000', 'Hòa quyện hoàn hảo giữa vẻ đẹp cổ điển và hơi thở đương đại, HotelLink Deluxe Twin mang đến cảm giác thư thái ngay từ ánh nhìn đầu tiên. Với nội thất cao cấp cùng tầm nhìn khoáng đạt hướng thành phố, căn phòng mở ra không gian sang trọng và thi vị để cùng người thân tận hưởng những khoảnh khắc thanh bình giữa lòng thành phố.', 2, 'HotelLink Deluxe Twin', 850000, b'1', NULL),
	('RT5', 45, '2025-12-12 21:30:00.000000', 'Mang đậm dấu ấn thanh lịch của HotelLink, phòng HotelLink Deluxe Triple là không gian tiện nghi để thư giãn bên gia đình và bạn bè. Căn phòng có gam màu trầm ấm, nội thất được bài trí tinh tế, khung cửa thoáng đón ánh sáng tự nhiên, lý tưởng cho những chuyến công tác cần sự thoải mái lẫn kỳ nghỉ thư thái giữa lòng thành phố.', 4, 'HotelLink Deluxe Triple', 1100000, b'1', NULL),
	('RT6', 60, '2025-12-12 21:30:00.000000', 'Phòng HotelLink Suite Queen mang đậm tinh thần duy mỹ của HotelLink. Nét cổ điển tinh tế được thổi hồn bằng hơi thở đương đại qua từng chi tiết nội thất và tiện nghi cao cấp. Không gian sang trọng nhưng ấm cúng với tầm nhìn rộng mở, mang đến cảm giác thư thái tuyệt đối và những trải nghiệm nghỉ dưỡng khó quên giữa lòng Sài Gòn năng động.', 3, 'HotelLink Suite Queen', 1800000, b'1', NULL),
	('RT7', 70, '2025-12-12 21:30:00.000000', 'Phòng HotelLink Suite King mang hơi thở cổ điển châu Âu, với nội thất tinh tuyển và tiện nghi cao cấp. Mỗi góc nhỏ đều được sắp đặt tinh tế để ghi dấu những khoảnh khắc đặc biệt. Với tầm nhìn hướng thành phố, HotelLink Suite King là chốn dừng chân vương giả cho những ai trân quý sự riêng tư, thư thái ngắm nhìn Sài Gòn không ngừng chuyển mình bên ngoài khung cửa.', 3, 'HotelLink Suite King', 2100000, b'1', NULL),
	('RT8', 75, '2025-12-12 21:30:00.000000', 'Được thiết kế dành riêng cho những kỳ nghỉ sum vầy, HotelLink Family 2 Double mang đến không gian rộng rãi và tiện nghi cho cả gia đình. Căn phòng sở hữu hai giường đôi êm ái, nội thất sang trọng và bố cục hài hòa, tạo nên cảm giác ấm cúng nhưng vẫn đầy tinh tế. Ánh sáng tự nhiên cùng không gian thoáng đãng giúp mỗi khoảnh khắc quây quần nơi đây trở nên trọn vẹn và đáng nhớ.', 5, 'HotelLink Family 2 Double', 2000000, b'1', NULL),
	('RT9', 80, '2025-12-12 21:30:00.000000', 'Với không gian rộng mở và thiết kế linh hoạt, HotelLink Family 3 Double là lựa chọn lý tưởng cho đại gia đình hoặc nhóm bạn đông người. Ba giường đôi được bố trí khéo léo trong không gian sang trọng, đảm bảo sự riêng tư nhưng vẫn giữ trọn cảm giác gắn kết. Nội thất cao cấp, ánh sáng chan hòa cùng phong cách thiết kế tinh tế mang đến trải nghiệm nghỉ dưỡng thoải mái và đẳng cấp giữa lòng thành phố.', 7, 'HotelLink Family 3 Double', 2300000, b'1', NULL);

-- Dumping structure for table hotellink.room_type_pictures
CREATE TABLE IF NOT EXISTS `room_type_pictures` (
  `room_type_id` varchar(255) NOT NULL,
  `picture_url` varchar(255) DEFAULT NULL,
  UNIQUE KEY `UK8i1icr2ldh3xqo2n023xsr9pr` (`picture_url`),
  KEY `FKoxlnjswi1aytvoe3bvvuxlbs1` (`room_type_id`),
  CONSTRAINT `FKoxlnjswi1aytvoe3bvvuxlbs1` FOREIGN KEY (`room_type_id`) REFERENCES `room_types` (`room_type_id`)
) ENGINE=InnoDB DEFAULT CHARSET=utf8mb4 COLLATE=utf8mb4_uca1400_ai_ci;

-- Dumping data for table hotellink.room_type_pictures: ~43 rows (approximately)
INSERT INTO `room_type_pictures` (`room_type_id`, `picture_url`) VALUES
	('RT2', 'https://res.cloudinary.com/dcwauocnz/image/upload/v1765941381/StandardTwin-1_yhmgvh.jpg'),
	('RT2', 'https://res.cloudinary.com/dcwauocnz/image/upload/v1765941382/StandardTwin-2_g2jy0a.jpg'),
	('RT2', 'https://res.cloudinary.com/dcwauocnz/image/upload/v1765941381/StandardTwin-3_cdavwt.jpg'),
	('RT2', 'https://res.cloudinary.com/dcwauocnz/image/upload/v1765941382/StandardTwin-4_dndlei.jpg'),
	('RT2', 'https://res.cloudinary.com/dcwauocnz/image/upload/v1765941592/DeluxeDouble-1_wjwpkz.jpg'),
	('RT3', 'https://res.cloudinary.com/dcwauocnz/image/upload/v1765941592/DeluxeDouble-2_iwp2qy.jpg'),
	('RT3', 'https://res.cloudinary.com/dcwauocnz/image/upload/v1765941593/DeluxeDouble-3_kwgqmu.jpg'),
	('RT3', 'https://res.cloudinary.com/dcwauocnz/image/upload/v1765941593/DeluxeDouble-4_y3wcuq.jpg'),
	('RT3', 'https://res.cloudinary.com/dcwauocnz/image/upload/v1765941593/DeluxeDouble-5_owctxv.jpg'),
	('RT3', 'https://res.cloudinary.com/dcwauocnz/image/upload/v1765941594/DeluxeDouble-6_ugwmhk.jpg'),
	('RT4', 'https://res.cloudinary.com/dcwauocnz/image/upload/v1765941868/DeluxeTwin-1_fftp3t.jpg'),
	('RT4', 'https://res.cloudinary.com/dcwauocnz/image/upload/v1765941869/DeluxeTwin-2_ycdi8u.jpg'),
	('RT4', 'https://res.cloudinary.com/dcwauocnz/image/upload/v1765941870/DeluxeTwin-3_lsppf4.jpg'),
	('RT4', 'https://res.cloudinary.com/dcwauocnz/image/upload/v1765941869/DeluxeTwin-4_mzv6bd.jpg'),
	('RT5', 'https://res.cloudinary.com/dcwauocnz/image/upload/v1765942017/DeluxeTriple-1_sg4vcf.jpg'),
	('RT5', 'https://res.cloudinary.com/dcwauocnz/image/upload/v1765942023/DeluxeTriple-2_pjfnbl.jpg'),
	('RT5', 'https://res.cloudinary.com/dcwauocnz/image/upload/v1765942024/DeluxeTriple-3_gwizpn.jpg'),
	('RT5', 'https://res.cloudinary.com/dcwauocnz/image/upload/v1765942027/DeluxeTriple-4_fwv9qp.jpg'),
	('RT6', 'https://res.cloudinary.com/dcwauocnz/image/upload/v1765942598/SuiteQueen-1_ecsijy.jpg'),
	('RT6', 'https://res.cloudinary.com/dcwauocnz/image/upload/v1765942508/SuiteQueen-2_izf1lf.jpg'),
	('RT6', 'https://res.cloudinary.com/dcwauocnz/image/upload/v1765942507/SuiteQueen-3_jn2haf.jpg'),
	('RT6', 'https://res.cloudinary.com/dcwauocnz/image/upload/v1765942596/SuiteQueen-4_yt1bfh.jpg'),
	('RT6', 'https://res.cloudinary.com/dcwauocnz/image/upload/v1765942600/SuiteQueen-5_bhrezt.jpg'),
	('RT7', 'https://res.cloudinary.com/dcwauocnz/image/upload/v1765942840/SuiteKing-1_pfwour.jpg'),
	('RT7', 'https://res.cloudinary.com/dcwauocnz/image/upload/v1765942861/SuiteKing-2_wwuouh.jpg'),
	('RT7', 'https://res.cloudinary.com/dcwauocnz/image/upload/v1765942861/SuiteKing-3_cqq7es.jpg'),
	('RT7', 'https://res.cloudinary.com/dcwauocnz/image/upload/v1765942863/SuiteKing-4_dowuc5.jpg'),
	('RT7', 'https://res.cloudinary.com/dcwauocnz/image/upload/v1765942864/SuiteKing-5_ipc3h8.jpg'),
	('RT7', 'https://res.cloudinary.com/dcwauocnz/image/upload/v1765942867/SuiteKing-6_akwghl.jpg'),
	('RT8', 'https://res.cloudinary.com/dcwauocnz/image/upload/v1765943205/Family2Double-1_lel0wr.jpg'),
	('RT8', 'https://res.cloudinary.com/dcwauocnz/image/upload/v1765943211/Family2Double-2_czy0pj.jpg'),
	('RT8', 'https://res.cloudinary.com/dcwauocnz/image/upload/v1765943226/Family2Double-3_ehxide.jpg'),
	('RT8', 'https://res.cloudinary.com/dcwauocnz/image/upload/v1765943458/Family2Double-4_hegicv.jpg'),
	('RT9', 'https://res.cloudinary.com/dcwauocnz/image/upload/v1765943551/Family3Doubble_ciapa8_ncno4q.jpg'),
	('RT9', 'https://res.cloudinary.com/dcwauocnz/image/upload/v1765943560/p3-6_pmdy4j_nmvkww.jpg'),
	('RT9', 'https://res.cloudinary.com/dcwauocnz/image/upload/v1765943562/p3-7_ih6l4y_wcjzpo.jpg'),
	('RT9', 'https://res.cloudinary.com/dcwauocnz/image/upload/v1765943563/p3-19_tdmch1_gv3srx.jpg'),
	('RT1', 'https://res.cloudinary.com/dcwauocnz/image/upload/v1765941023/StandardDouble-1_ayarmi.jpg'),
	('RT1', 'https://res.cloudinary.com/dcwauocnz/image/upload/v1765941023/StandardDouble-2_gygcmg.jpg'),
	('RT1', 'https://res.cloudinary.com/dcwauocnz/image/upload/v1765941023/StandardDouble-3_zuz1dg.jpg'),
	('RT1', 'https://res.cloudinary.com/dcwauocnz/image/upload/v1765941023/StandardDouble-4_ysbkok.jpg'),
	('RT1', 'https://res.cloudinary.com/dcwauocnz/image/upload/v1765941024/StandardDouble-5_xjb2qy.jpg'),
	('RT1', 'https://res.cloudinary.com/dcwauocnz/image/upload/v1768030215/hotel-link/DeluxeDouble-6.jpg.jpg');

-- Dumping structure for table hotellink.services
CREATE TABLE IF NOT EXISTS `services` (
  `service_id` varchar(255) NOT NULL,
  `name` varchar(255) NOT NULL,
  `service_type` enum('DRINK','FOOD','OTHER','TIME_BASED','PER_GUEST') DEFAULT NULL,
  `status` bit(1) NOT NULL,
  `unit_price` double NOT NULL,
  PRIMARY KEY (`service_id`)
) ENGINE=InnoDB DEFAULT CHARSET=utf8mb4 COLLATE=utf8mb4_uca1400_ai_ci;

-- Dumping data for table hotellink.services: ~13 rows (approximately)
INSERT INTO `services` (`service_id`, `name`, `service_type`, `status`, `unit_price`) VALUES
	('SV1', 'Bánh ngọt', 'FOOD', b'1', 30000),
	('SV10', 'CheckOut trễ hơn 30 phút', 'TIME_BASED', b'1', 200000),
	('SV12', 'Khác', 'OTHER', b'1', 200000),
	('SV13', 'Người Trên 12 tuổi', 'PER_GUEST', b'1', 100000),
	('SV2', 'Snack', 'FOOD', b'1', 20000),
	('SV3', 'Socola', 'FOOD', b'1', 35000),
	('SV4', 'Kẹo', 'FOOD', b'1', 15000),
	('SV5', 'Nước Suối', 'DRINK', b'1', 15000),
	('SV6', 'Nước Ngọt', 'DRINK', b'1', 20000),
	('SV7', 'Bia', 'DRINK', b'1', 30000),
	('SV8', 'Nước Trái Cây', 'DRINK', b'1', 30000),
	('SV9', 'CheckIn sớm hơn 30 phút', 'TIME_BASED', b'1', 200000),
	('SVYEOO0OHFI3', 'Rượu Vang Đỏ', 'DRINK', b'0', 3000000);

-- Dumping structure for table hotellink.staffs
CREATE TABLE IF NOT EXISTS `staffs` (
  `date_of_birth` date DEFAULT NULL,
  `gender` enum('FEMALE','MALE','OTHER') DEFAULT NULL,
  `user_id` varchar(255) NOT NULL,
  `identification_id` varchar(255) NOT NULL,
  PRIMARY KEY (`user_id`),
  UNIQUE KEY `UKyo93pema27hkgfnkdfhjcnbdy` (`identification_id`),
  CONSTRAINT `FKqcf5oyocd82uqx16vdbe65hs5` FOREIGN KEY (`user_id`) REFERENCES `persons` (`user_id`)
) ENGINE=InnoDB DEFAULT CHARSET=utf8mb4 COLLATE=utf8mb4_uca1400_ai_ci;

-- Dumping data for table hotellink.staffs: ~4 rows (approximately)
INSERT INTO `staffs` (`date_of_birth`, `gender`, `user_id`, `identification_id`) VALUES
	('2002-08-11', 'FEMALE', 'USC2FBFN4GUO', '083546297532'),
	('2000-06-02', 'MALE', 'USDMVYM8L3R6', '036526489756'),
	('2001-01-09', 'MALE', 'USGT2KLPUQY4', '086452369436'),
	('2005-12-23', 'OTHER', 'USTZFP5SVFEO', '086453261987');

-- Dumping structure for table hotellink.users
CREATE TABLE IF NOT EXISTS `users` (
  `user_id` varchar(255) NOT NULL,
  `created_at` datetime(6) DEFAULT NULL,
  `email` varchar(255) DEFAULT NULL,
  `password` varchar(255) NOT NULL,
  `role` enum('ADMIN','MEMBER','STAFF') DEFAULT NULL,
  `status` bit(1) NOT NULL,
  `updated_at` datetime(6) DEFAULT NULL,
  PRIMARY KEY (`user_id`),
  UNIQUE KEY `UK6dotkott2kjsp8vw4d0m25fb7` (`email`)
) ENGINE=InnoDB DEFAULT CHARSET=utf8mb4 COLLATE=utf8mb4_uca1400_ai_ci;

-- Dumping data for table hotellink.users: ~32 rows (approximately)
INSERT INTO `users` (`user_id`, `created_at`, `email`, `password`, `role`, `status`, `updated_at`) VALUES
	('US0KX7M9Q3E', '2025-06-01 10:34:06.944548', 'lethanhtrung@gmail.com', '$2a$10$qOo3b1pRacpRcWaM7PX/Ru/ZwAheIn8HtWqsi0mE9HVQdG8RctH3G', 'MEMBER', b'1', NULL),
	('US0M4A8Y7KD', '2025-06-01 10:34:06.944548', 'buiductuan@gmail.com', '$2a$10$qOo3b1pRacpRcWaM7PX/Ru/ZwAheIn8HtWqsi0mE9HVQdG8RctH3G', 'MEMBER', b'1', NULL),
	('US2A6KQW5H9', '2025-06-01 10:34:06.944548', 'lethihong@gmail.com', '$2a$10$qOo3b1pRacpRcWaM7PX/Ru/ZwAheIn8HtWqsi0mE9HVQdG8RctH3G', 'MEMBER', b'1', NULL),
	('US3Z9A5E4RM', '2025-06-01 10:34:06.944548', 'vovanphuc@gmail.com', '$2a$10$qOo3b1pRacpRcWaM7PX/Ru/ZwAheIn8HtWqsi0mE9HVQdG8RctH3G', 'MEMBER', b'1', NULL),
	('US4Q8M7RZKA', '2025-06-01 10:34:06.944548', 'dothithu@gmail.com', '$2a$10$qOo3b1pRacpRcWaM7PX/Ru/ZwAheIn8HtWqsi0mE9HVQdG8RctH3G', 'MEMBER', b'1', NULL),
	('US4RZ8Q9MKA', '2025-06-01 10:34:06.944548', 'buitrongnghia@gmail.com', '$2a$10$qOo3b1pRacpRcWaM7PX/Ru/ZwAheIn8HtWqsi0mE9HVQdG8RctH3G', 'MEMBER', b'1', NULL),
	('US5A9Z0FQ3M', '2025-06-01 10:34:06.944548', 'hoangthanhson@gmail.com', '$2a$10$qOo3b1pRacpRcWaM7PX/Ru/ZwAheIn8HtWqsi0mE9HVQdG8RctH3G', 'MEMBER', b'1', NULL),
	('US5E9C2XHRA', '2025-06-01 10:34:06.944548', 'nguyenthanhdat@gmail.com', '$2a$10$qOo3b1pRacpRcWaM7PX/Ru/ZwAheIn8HtWqsi0mE9HVQdG8RctH3G', 'MEMBER', b'1', NULL),
	('US5RZ8Q0MKA', '2025-06-01 10:34:06.944548', 'trandoanthang@gmail.com', '$2a$10$qOo3b1pRacpRcWaM7PX/Ru/ZwAheIn8HtWqsi0mE9HVQdG8RctH3G', 'MEMBER', b'1', NULL),
	('US6C9B2VYAF', '2025-06-01 10:34:06.944548', 'hoangquocviet@gmail.com', '$2a$10$qOo3b1pRacpRcWaM7PX/Ru/ZwAheIn8HtWqsi0mE9HVQdG8RctH3G', 'MEMBER', b'1', NULL),
	('US6Z8FQ1XRM', '2025-06-01 10:34:06.944548', 'phamquangvinh@gmail.com', '$2a$10$qOo3b1pRacpRcWaM7PX/Ru/ZwAheIn8HtWqsi0mE9HVQdG8RctH3G', 'MEMBER', b'1', NULL),
	('US7W3JZ4E2Q', '2025-06-01 10:34:06.944548', 'phamngocanh@gmail.com', '$2a$10$qOo3b1pRacpRcWaM7PX/Ru/ZwAheIn8HtWqsi0mE9HVQdG8RctH3G', 'MEMBER', b'1', NULL),
	('US8JZ5VXR4M', '2025-06-01 10:34:06.944548', 'tranthimy@gmail.com', '$2a$10$qOo3b1pRacpRcWaM7PX/Ru/ZwAheIn8HtWqsi0mE9HVQdG8RctH3G', 'MEMBER', b'1', NULL),
	('US8MZQK7R4A', '2025-06-01 10:34:06.944548', 'danghoangphu@gmail.com', '$2a$10$qOo3b1pRacpRcWaM7PX/Ru/ZwAheIn8HtWqsi0mE9HVQdG8RctH3G', 'MEMBER', b'1', NULL),
	('US8R6NQ2EZA', '2025-06-01 10:34:06.944548', 'nguyenthilan@gmail.com', '$2a$10$qOo3b1pRacpRcWaM7PX/Ru/ZwAheIn8HtWqsi0mE9HVQdG8RctH3G', 'MEMBER', b'1', NULL),
	('US9D5E7K2RC', '2025-06-01 10:34:06.944548', 'phamducthinh@gmail.com', '$2a$10$qOo3b1pRacpRcWaM7PX/Ru/ZwAheIn8HtWqsi0mE9HVQdG8RctH3G', 'MEMBER', b'1', NULL),
	('US9X5V0N8KA', '2025-06-01 10:34:06.944548', 'tranminhquan@gmail.com', '$2a$10$qOo3b1pRacpRcWaM7PX/Ru/ZwAheIn8HtWqsi0mE9HVQdG8RctH3G', 'MEMBER', b'1', NULL),
	('USC2FBFN4GUO', '2025-06-01 10:34:06.944548', 'lethibinh@gmail.com', '$2a$10$qOo3b1pRacpRcWaM7PX/Ru/ZwAheIn8HtWqsi0mE9HVQdG8RctH3G', 'STAFF', b'1', NULL),
	('USDMVYM8L3R6', '2025-06-01 10:34:06.944548', 'nguyenvanan123@gmail.com', '$2a$10$qOo3b1pRacpRcWaM7PX/Ru/ZwAheIn8HtWqsi0mE9HVQdG8RctH3G', 'STAFF', b'1', NULL),
	('USFQY6HBNFMX', '2025-06-01 10:34:06.944548', 'phamthanhtri0712@gmail.com', '$2a$10$qOo3b1pRacpRcWaM7PX/Ru/ZwAheIn8HtWqsi0mE9HVQdG8RctH3G', 'MEMBER', b'1', NULL),
	('USFQZ8R3V9A', '2025-06-01 10:34:06.944548', 'vuhoanglong@gmail.com', '$2a$10$qOo3b1pRacpRcWaM7PX/Ru/ZwAheIn8HtWqsi0mE9HVQdG8RctH3G', 'MEMBER', b'1', NULL),
	('USGKMCKDMQI8', '2025-06-01 10:34:06.944548', 'hotellink652@gmail.com', '$2a$10$a8eINR3UW8v.1bajLIwjMuI//znlnyIePxPnP0e2.n9oYl3Bki1C.', 'ADMIN', b'1', NULL),
	('USGMJFNCHDU5', '2025-06-01 10:34:06.944548', 'havannguyen@gmail.com', '$2a$10$qOo3b1pRacpRcWaM7PX/Ru/ZwAheIn8HtWqsi0mE9HVQdG8RctH3G', 'MEMBER', b'1', NULL),
	('USGT2KLPUQY4', '2025-06-01 10:34:06.944548', 'tranhaicung@gmail.com', '$2a$10$qOo3b1pRacpRcWaM7PX/Ru/ZwAheIn8HtWqsi0mE9HVQdG8RctH3G', 'STAFF', b'1', NULL),
	('USL3H8RZ6NQ', '2025-06-01 10:34:06.944548', 'dangthithao@gmail.com', '$2a$10$qOo3b1pRacpRcWaM7PX/Ru/ZwAheIn8HtWqsi0mE9HVQdG8RctH3G', 'MEMBER', b'1', NULL),
	('USM2X8QZ6E5', '2025-06-01 10:34:06.944548', 'nguyenhuutu@gmail.com', '$2a$10$qOo3b1pRacpRcWaM7PX/Ru/ZwAheIn8HtWqsi0mE9HVQdG8RctH3G', 'MEMBER', b'1', NULL),
	('USM7A9JX2KD', '2025-06-01 10:34:06.944548', 'levanminh@gmail.com', '$2a$10$qOo3b1pRacpRcWaM7PX/Ru/ZwAheIn8HtWqsi0mE9HVQdG8RctH3G', 'MEMBER', b'1', NULL),
	('USQ7M4Z8R3A', '2025-06-01 10:34:06.944548', 'nguyenkhanhly@gmail.com', '$2a$10$qOo3b1pRacpRcWaM7PX/Ru/ZwAheIn8HtWqsi0mE9HVQdG8RctH3G', 'MEMBER', b'1', NULL),
	('USQW8T5E1RZ', '2025-06-01 10:34:06.944548', 'phamthilan@gmail.com', '$2a$10$qOo3b1pRacpRcWaM7PX/Ru/ZwAheIn8HtWqsi0mE9HVQdG8RctH3G', 'MEMBER', b'1', NULL),
	('USTZFP5SVFEO', '2025-06-01 10:34:06.944548', 'nguyenvantinh@gmail.com', '$2a$10$qOo3b1pRacpRcWaM7PX/Ru/ZwAheIn8HtWqsi0mE9HVQdG8RctH3G', 'STAFF', b'1', NULL),
	('USWQ6N7Z3MP', '2025-06-01 10:34:06.944548', 'phamhoangnam@gmail.com', '$2a$10$qOo3b1pRacpRcWaM7PX/Ru/ZwAheIn8HtWqsi0mE9HVQdG8RctH3G', 'MEMBER', b'1', NULL),
	('USX8Y4Z3M0F', '2025-06-01 10:34:06.944548', 'doquanghuy@gmail.com', '$2a$10$qOo3b1pRacpRcWaM7PX/Ru/ZwAheIn8HtWqsi0mE9HVQdG8RctH3G', 'MEMBER', b'1', NULL);

/*!40103 SET TIME_ZONE=IFNULL(@OLD_TIME_ZONE, 'system') */;
/*!40101 SET SQL_MODE=IFNULL(@OLD_SQL_MODE, '') */;
/*!40014 SET FOREIGN_KEY_CHECKS=IFNULL(@OLD_FOREIGN_KEY_CHECKS, 1) */;
/*!40101 SET CHARACTER_SET_CLIENT=@OLD_CHARACTER_SET_CLIENT */;
/*!40111 SET SQL_NOTES=IFNULL(@OLD_SQL_NOTES, 1) */;
